id,fk_bus_id,lat,lon,gps_send_at
1375,1,50.26016916666667,10.964162166666664,"2026-01-12 13:43:45"
1374,1,50.26019783333333,10.964194666666666,"2026-01-12 13:43:43"
1373,1,50.26022283333334,10.964200666666667,"2026-01-12 13:43:41"
1372,1,50.26026583333334,10.964177,"2026-01-12 13:43:39"
1371,1,50.26030066666667,10.964120833333334,"2026-01-12 13:43:37"
1370,1,50.260320333333325,10.964091,"2026-01-12 13:43:36"
1369,1,50.26034666666666,10.964057166666665,"2026-01-12 13:43:34"
1368,1,50.26035483333333,10.964052,"2026-01-12 13:43:33"
1367,1,50.26036083333334,10.964054500000001,"2026-01-12 13:43:32"
1366,1,50.260368333333325,10.964055833333335,"2026-01-12 13:43:30"
1365,1,50.26035866666666,10.964046499999998,"2026-01-12 13:43:28"
1364,1,50.26036483333334,10.964046166666666,"2026-01-12 13:43:26"
1363,1,50.2603645,10.964044666666666,"2026-01-12 13:43:25"
1362,1,50.26035100000001,10.964032833333333,"2026-01-12 13:43:23"
1361,1,50.26033033333333,10.964017166666668,"2026-01-12 13:43:21"
1360,1,50.26026983333333,10.964002166666667,"2026-01-12 13:43:19"
1359,1,50.260253666666664,10.963989166666666,"2026-01-12 13:43:18"
1358,1,50.26033133333333,10.963923833333334,"2026-01-12 13:43:16"
1357,1,50.26037800000001,10.963876166666667,"2026-01-12 13:43:15"
1356,1,50.260422333333324,10.963809166666666,"2026-01-12 13:43:14"
1355,1,50.260504499999996,10.963683333333332,"2026-01-12 13:43:12"
1354,1,50.26055683333334,10.963606,"2026-01-12 13:43:11"
1353,1,50.26060166666666,10.963523666666667,"2026-01-12 13:43:10"
1352,1,50.260706666666664,10.963362666666667,"2026-01-12 13:43:08"
1351,1,50.26089883333334,10.963102,"2026-01-12 13:43:05"
1350,1,50.26094966666666,10.963005500000001,"2026-01-12 13:43:04"
1349,1,50.26102533333333,10.962908666666666,"2026-01-12 13:43:03"
1348,1,50.261197666666675,10.962724666666668,"2026-01-12 13:43:01"
1347,1,50.2613155,10.962574666666667,"2026-01-12 13:42:59"
1346,1,50.26135566666667,10.962491333333332,"2026-01-12 13:42:58"
1345,1,50.26139,10.962425833333334,"2026-01-12 13:42:57"
1344,1,50.261416833333335,10.962361833333334,"2026-01-12 13:42:56"
1343,1,50.26144383333334,10.962312666666666,"2026-01-12 13:42:55"
1342,1,50.26156949999999,10.962243833333332,"2026-01-12 13:42:53"
1341,1,50.26163116666667,10.962197333333332,"2026-01-12 13:42:51"
1340,1,50.261675,10.961995166666668,"2026-01-12 13:42:46"
1339,1,50.261967999999996,10.961698166666668,"2026-01-12 13:42:40"
1338,1,50.26190016666666,10.961571666666668,"2026-01-12 13:42:38"
1337,1,50.261862,10.961480833333333,"2026-01-12 13:42:36"
1336,1,50.26185016666667,10.961451833333335,"2026-01-12 13:42:35"
1335,1,50.26181816666667,10.961398833333332,"2026-01-12 13:42:34"
1334,1,50.26183016666667,10.961398666666666,"2026-01-12 13:42:32"
1333,1,50.261923333333336,10.961328666666668,"2026-01-12 13:42:26"
1332,1,50.26194666666667,10.961265166666665,"2026-01-12 13:42:24"
1331,1,50.26194950000001,10.961207000000002,"2026-01-12 13:42:23"
1330,1,50.26198850000001,10.961091333333332,"2026-01-12 13:42:21"
1329,1,50.26204766666667,10.960943666666667,"2026-01-12 13:42:19"
1328,1,50.26208183333333,10.960864333333332,"2026-01-12 13:42:18"
1327,1,50.262129,10.96078516666667,"2026-01-12 13:42:17"
1326,1,50.26218416666667,10.960702499999998,"2026-01-12 13:42:16"
1325,1,50.262248,10.960620333333335,"2026-01-12 13:42:15"
1324,1,50.26226416666667,10.960424,"2026-01-12 13:42:13"
1323,1,50.26223233333334,10.960204166666665,"2026-01-12 13:42:11"
1322,1,50.26220866666666,10.959999833333333,"2026-01-12 13:42:09"
1321,1,50.26218566666667,10.959795000000002,"2026-01-12 13:42:07"
1320,1,50.2621555,10.9596075,"2026-01-12 13:42:05"
1319,1,50.26213250000001,10.959506500000002,"2026-01-12 13:42:04"
1318,1,50.26211,10.959282666666665,"2026-01-12 13:42:02"
1317,1,50.262097,10.959164666666668,"2026-01-12 13:42:01"
1316,1,50.26206883333332,10.958973666666669,"2026-01-12 13:41:59"
1315,1,50.2620115,10.958635,"2026-01-12 13:41:56"
1314,1,50.262036,10.958504999999999,"2026-01-12 13:41:54"
1313,1,50.26210833333333,10.958419,"2026-01-12 13:41:52"
1312,1,50.26219566666667,10.958380499999999,"2026-01-12 13:41:50"
1311,1,50.262257500000004,10.958362,"2026-01-12 13:41:48"
1310,1,50.26226883333334,10.958360166666667,"2026-01-12 13:41:47"
1309,1,50.262273500000006,10.958363833333332,"2026-01-12 13:41:45"
1308,1,50.26227816666666,10.9583665,"2026-01-12 13:41:43"
1307,1,50.262285166666665,10.958371833333334,"2026-01-12 13:41:41"
1306,1,50.262295166666675,10.958378166666668,"2026-01-12 13:41:39"
1305,1,50.262308,10.958387333333333,"2026-01-12 13:41:37"
1304,1,50.262327000000006,10.958393166666667,"2026-01-12 13:41:35"
1303,1,50.262368,10.958396,"2026-01-12 13:41:33"
1302,1,50.262458833333326,10.958402999999999,"2026-01-12 13:41:31"
1301,1,50.26258083333334,10.958399833333333,"2026-01-12 13:41:29"
1300,1,50.26262466666667,10.958390666666666,"2026-01-12 13:41:28"
1299,1,50.26272433333334,10.958368,"2026-01-12 13:41:26"
1298,1,50.26278783333334,10.958360166666667,"2026-01-12 13:41:25"
1297,1,50.26289433333333,10.958344833333335,"2026-01-12 13:41:23"
1296,1,50.26296066666667,10.958345166666668,"2026-01-12 13:41:21"
1295,1,50.262980166666665,10.958345333333334,"2026-01-12 13:41:20"
1294,1,50.26300333333334,10.958352166666668,"2026-01-12 13:41:18"
1293,1,50.263014000000005,10.958355833333334,"2026-01-12 13:41:17"
1292,1,50.263016,10.958341666666668,"2026-01-12 13:41:15"
1291,1,50.263024166666675,10.958314666666668,"2026-01-12 13:41:14"
1290,1,50.26312366666666,10.958283833333333,"2026-01-12 13:41:12"
1289,1,50.26323966666667,10.958243833333333,"2026-01-12 13:41:10"
1288,1,50.26329033333333,10.958212,"2026-01-12 13:41:09"
1287,1,50.26335533333333,10.958190833333333,"2026-01-12 13:41:08"
1286,1,50.26341333333333,10.958156666666666,"2026-01-12 13:41:07"
1285,1,50.26356366666667,10.958090166666667,"2026-01-12 13:41:05"
1284,1,50.2637295,10.958040166666668,"2026-01-12 13:41:03"
1283,1,50.263800999999994,10.957997666666666,"2026-01-12 13:41:02"
1282,1,50.26386466666666,10.957964166666667,"2026-01-12 13:41:01"
1281,1,50.26398566666667,10.957910333333333,"2026-01-12 13:40:59"
1280,1,50.2641455,10.957857999999998,"2026-01-12 13:40:56"
1279,1,50.264211499999995,10.957816833333334,"2026-01-12 13:40:54"
1278,1,50.264243500000006,10.957806833333333,"2026-01-12 13:40:53"
1277,1,50.264272833333344,10.957792333333336,"2026-01-12 13:40:51"
1276,1,50.26427783333334,10.95779,"2026-01-12 13:40:50"
1275,1,50.2642875,10.957786666666667,"2026-01-12 13:40:48"
1274,1,50.2643125,10.957767666666665,"2026-01-12 13:40:46"
1273,1,50.264333666666666,10.9577525,"2026-01-12 13:40:45"
1272,1,50.264436499999995,10.957715833333335,"2026-01-12 13:40:43"
1271,1,50.26448583333334,10.957686666666666,"2026-01-12 13:40:42"
1270,1,50.26457033333333,10.957660833333334,"2026-01-12 13:40:41"
1269,1,50.26474683333333,10.957593333333334,"2026-01-12 13:40:39"
1268,1,50.264934833333335,10.957523666666669,"2026-01-12 13:40:37"
1267,1,50.26501183333333,10.957480166666668,"2026-01-12 13:40:36"
1266,1,50.265100333333336,10.9574435,"2026-01-12 13:40:35"
1265,1,50.26525816666667,10.957371166666666,"2026-01-12 13:40:33"
1264,1,50.26532050000001,10.9573355,"2026-01-12 13:40:32"
1263,1,50.26549383333333,10.957285166666669,"2026-01-12 13:40:30"
1262,1,50.265569000000006,10.957260666666665,"2026-01-12 13:40:29"
1261,1,50.26564583333334,10.957239499999998,"2026-01-12 13:40:28"
1260,1,50.2657295,10.957221,"2026-01-12 13:40:27"
1259,1,50.26583816666666,10.957231666666667,"2026-01-12 13:40:25"
1258,1,50.265982,10.9571115,"2026-01-12 13:40:23"
1257,1,50.26616083333333,10.957080499999998,"2026-01-12 13:40:20"
1256,1,50.26643383333333,10.956233833333332,"2026-01-12 13:39:37"
1255,1,50.26648133333333,10.956177666666667,"2026-01-12 13:39:36"
1254,1,50.26664949999999,10.9561045,"2026-01-12 13:39:34"
1253,1,50.26682866666667,10.956093,"2026-01-12 13:39:32"
1252,1,50.26692800000001,10.956102666666668,"2026-01-12 13:39:31"
1251,1,50.2670245,10.956114666666668,"2026-01-12 13:39:30"
1250,1,50.26709683333333,10.956091166666665,"2026-01-12 13:39:29"
1249,1,50.267230500000004,10.956097,"2026-01-12 13:39:27"
1248,1,50.26738066666667,10.955982166666669,"2026-01-12 13:39:25"
1247,1,50.26748883333333,10.9558915,"2026-01-12 13:39:24"
1246,1,50.267540499999996,10.955824666666668,"2026-01-12 13:39:23"
1245,1,50.26769233333333,10.955589000000002,"2026-01-12 13:39:20"
1244,1,50.26780733333333,10.9553975,"2026-01-12 13:39:18"
1243,1,50.2678715,10.955290833333333,"2026-01-12 13:39:17"
1242,1,50.26800716666666,10.955064,"2026-01-12 13:39:15"
1241,1,50.26813533333334,10.95481883333333,"2026-01-12 13:39:13"
1240,1,50.268193833333335,10.9546995,"2026-01-12 13:39:12"
1239,1,50.268255333333336,10.9545735,"2026-01-12 13:39:11"
1238,1,50.26829983333334,10.954465666666666,"2026-01-12 13:39:10"
1237,1,50.26835200000001,10.954356166666665,"2026-01-12 13:39:09"
1236,1,50.26839266666666,10.954252666666665,"2026-01-12 13:39:08"
1235,1,50.268458833333334,10.954032833333335,"2026-01-12 13:39:06"
1234,1,50.268472833333334,10.953925,"2026-01-12 13:39:05"
1233,1,50.268494833333335,10.953761000000002,"2026-01-12 13:39:03"
1232,1,50.268502999999995,10.953675666666667,"2026-01-12 13:39:01"
1231,1,50.268482999999996,10.953608333333333,"2026-01-12 13:38:59"
1230,1,50.268465500000005,10.953587999999998,"2026-01-12 13:38:58"
1229,1,50.26845133333333,10.953570333333335,"2026-01-12 13:38:57"
1228,1,50.26844633333334,10.953563833333332,"2026-01-12 13:38:55"
1227,1,50.26845333333334,10.953567999999999,"2026-01-12 13:38:53"
1226,1,50.2684535,10.953568166666665,"2026-01-12 13:38:52"
1225,1,50.268457999999995,10.953569333333332,"2026-01-12 13:38:50"
1224,1,50.26846183333334,10.953570666666668,"2026-01-12 13:38:48"
1223,1,50.26846350000001,10.953570833333334,"2026-01-12 13:38:47"
1222,1,50.26847183333333,10.953575166666667,"2026-01-12 13:38:45"
1221,1,50.2684765,10.953575666666666,"2026-01-12 13:38:43"
1220,1,50.26848633333334,10.953578833333331,"2026-01-12 13:38:41"
1219,1,50.26848700000001,10.953576333333334,"2026-01-12 13:38:39"
1218,1,50.268496166666665,10.953574833333334,"2026-01-12 13:38:37"
1217,1,50.268498,10.953569,"2026-01-12 13:38:35"
1216,1,50.26850666666666,10.953566833333332,"2026-01-12 13:38:33"
1215,1,50.268507500000005,10.953555166666668,"2026-01-12 13:38:31"
1214,1,50.268496000000006,10.953554999999998,"2026-01-12 13:38:29"
1213,1,50.268492833333326,10.953550833333335,"2026-01-12 13:38:28"
1212,1,50.268496500000005,10.953559833333335,"2026-01-12 13:38:27"
1211,1,50.26850583333333,10.953561166666669,"2026-01-12 13:38:25"
1210,1,50.26851716666667,10.953557999999997,"2026-01-12 13:38:23"
1209,1,50.26847966666666,10.953548000000001,"2026-01-12 13:38:22"
1208,1,50.26846050000001,10.953565666666668,"2026-01-12 13:38:20"
1207,1,50.26846650000001,10.953567999999999,"2026-01-12 13:38:18"
1206,1,50.26843766666666,10.953560999999999,"2026-01-12 13:38:17"
1205,1,50.268437999999996,10.953567166666668,"2026-01-12 13:38:16"
1204,1,50.2684385,10.953564333333334,"2026-01-12 13:38:14"
1203,1,50.268433,10.953566,"2026-01-12 13:38:13"
1202,1,50.26844083333334,10.953564666666667,"2026-01-12 13:38:11"
1201,1,50.26844200000001,10.953563166666667,"2026-01-12 13:38:09"
1200,1,50.268440666666656,10.953560000000001,"2026-01-12 13:38:08"
1199,1,50.26844666666666,10.953548333333334,"2026-01-12 13:38:06"
1198,1,50.268445166666666,10.953540666666667,"2026-01-12 13:38:05"
1197,1,50.268436666666666,10.953491166666668,"2026-01-12 13:38:03"
1196,1,50.268424,10.953378333333335,"2026-01-12 13:38:01"
1195,1,50.26847466666666,10.953203499999999,"2026-01-12 13:37:59"
1194,1,50.26851283333334,10.952963666666669,"2026-01-12 13:37:57"
1193,1,50.26854933333334,10.952687500000001,"2026-01-12 13:37:55"
1192,1,50.268539833333335,10.952352166666666,"2026-01-12 13:37:53"
1191,1,50.268519166666664,10.951811833333332,"2026-01-12 13:37:50"
1190,1,50.26850850000001,10.951635333333336,"2026-01-12 13:37:49"
1189,1,50.2684355,10.951287833333334,"2026-01-12 13:37:47"
1188,1,50.26837833333334,10.951109333333333,"2026-01-12 13:37:46"
1187,1,50.268321833333324,10.950942666666666,"2026-01-12 13:37:45"
1186,1,50.26821700000001,10.950599333333333,"2026-01-12 13:37:43"
1185,1,50.26811416666666,10.950255666666665,"2026-01-12 13:37:41"
1184,1,50.26800766666667,10.949913833333335,"2026-01-12 13:37:39"
1183,1,50.26789733333333,10.949605166666666,"2026-01-12 13:37:37"
1182,1,50.26785016666666,10.949445500000001,"2026-01-12 13:37:36"
1181,1,50.26780683333333,10.949288333333334,"2026-01-12 13:37:35"
1180,1,50.267716166666666,10.949003666666666,"2026-01-12 13:37:33"
1179,1,50.267627499999996,10.948619166666667,"2026-01-12 13:37:30"
1178,1,50.26761799999999,10.948501166666665,"2026-01-12 13:37:29"
1177,1,50.267598,10.948309833333333,"2026-01-12 13:37:27"
1176,1,50.26764016666666,10.948166166666665,"2026-01-12 13:37:25"
1175,1,50.267665,10.948062333333333,"2026-01-12 13:37:23"
1174,1,50.26767199999999,10.948034,"2026-01-12 13:37:22"
1173,1,50.26767466666667,10.948022666666668,"2026-01-12 13:37:21"
1172,1,50.267671500000006,10.948018666666666,"2026-01-12 13:37:19"
1171,1,50.267671666666665,10.948017666666665,"2026-01-12 13:37:18"
1170,1,50.26766933333333,10.948014333333333,"2026-01-12 13:37:16"
1169,1,50.26766783333334,10.948013,"2026-01-12 13:37:15"
1168,1,50.2676665,10.948011000000001,"2026-01-12 13:37:13"
1167,1,50.26766583333333,10.948010500000002,"2026-01-12 13:37:12"
1166,1,50.26766483333334,10.948009833333334,"2026-01-12 13:37:11"
1165,1,50.26766383333334,10.948009166666669,"2026-01-12 13:37:09"
1164,1,50.267665,10.948009500000001,"2026-01-12 13:37:08"
1163,1,50.26766616666667,10.948008666666665,"2026-01-12 13:37:06"
1162,1,50.267671500000006,10.948007500000001,"2026-01-12 13:37:03"
1161,1,50.26767366666666,10.948007666666667,"2026-01-12 13:37:02"
1160,1,50.26767499999999,10.948007833333333,"2026-01-12 13:37:01"
1159,1,50.267672499999996,10.948006166666667,"2026-01-12 13:36:59"
1158,1,50.267674500000005,10.948006166666667,"2026-01-12 13:36:58"
1157,1,50.26767666666667,10.948005833333331,"2026-01-12 13:36:57"
1156,1,50.267681333333336,10.948005166666666,"2026-01-12 13:36:55"
1155,1,50.267682666666666,10.948005166666666,"2026-01-12 13:36:53"
1154,1,50.267683999999996,10.948005833333331,"2026-01-12 13:36:52"
1153,1,50.26768666666667,10.948004666666668,"2026-01-12 13:36:51"
1152,1,50.2676945,10.947990833333332,"2026-01-12 13:36:49"
1151,1,50.267697833333344,10.947968833333334,"2026-01-12 13:36:48"
1150,1,50.267725500000005,10.947880000000001,"2026-01-12 13:36:46"
1149,1,50.26774433333333,10.947815666666667,"2026-01-12 13:36:45"
1148,1,50.26779633333334,10.9476585,"2026-01-12 13:36:43"
1147,1,50.267824166666664,10.947570333333333,"2026-01-12 13:36:42"
1146,1,50.267851500000006,10.947476333333334,"2026-01-12 13:36:41"
1145,1,50.267906333333336,10.947277999999999,"2026-01-12 13:36:39"
1144,1,50.267960666666674,10.947074500000001,"2026-01-12 13:36:37"
1143,1,50.26801333333333,10.946871666666668,"2026-01-12 13:36:35"
1142,1,50.26806983333333,10.946667833333333,"2026-01-12 13:36:33"
1141,1,50.26809933333334,10.946564166666667,"2026-01-12 13:36:32"
1140,1,50.26815516666667,10.946355500000001,"2026-01-12 13:36:30"
1139,1,50.268179499999995,10.946261666666665,"2026-01-12 13:36:29"
1138,1,50.26824283333334,10.946066833333335,"2026-01-12 13:36:26"
1137,1,50.26826200000001,10.946029833333334,"2026-01-12 13:36:25"
1136,1,50.268280999999995,10.945992999999998,"2026-01-12 13:36:23"
1135,1,50.268300333333336,10.945957166666668,"2026-01-12 13:36:21"
1134,1,50.26832066666666,10.945914499999999,"2026-01-12 13:36:20"
1133,1,50.268382,10.945788333333333,"2026-01-12 13:36:18"
1132,1,50.2684225,10.945706666666668,"2026-01-12 13:36:17"
1131,1,50.26851116666667,10.945534000000002,"2026-01-12 13:36:15"
1130,1,50.26855366666667,10.945445500000002,"2026-01-12 13:36:14"
1129,1,50.26862466666667,10.945274,"2026-01-12 13:36:12"
1128,1,50.268700833333334,10.945126999999998,"2026-01-12 13:36:10"
1127,1,50.26874066666666,10.94507016666667,"2026-01-12 13:36:09"
1126,1,50.2687885,10.945037833333334,"2026-01-12 13:36:08"
1125,1,50.268835833333334,10.945012166666666,"2026-01-12 13:36:07"
1124,1,50.26888,10.945007333333335,"2026-01-12 13:36:06"
1123,1,50.26891583333333,10.945011333333332,"2026-01-12 13:36:05"
1122,1,50.268966166666665,10.945013999999999,"2026-01-12 13:36:04"
1121,1,50.26908,10.945028333333335,"2026-01-12 13:36:02"
1120,1,50.26912033333333,10.945033333333333,"2026-01-12 13:36:01"
1119,1,50.26920583333334,10.945036666666665,"2026-01-12 13:35:59"
1118,1,50.26921416666667,10.945038666666669,"2026-01-12 13:35:57"
1117,1,50.26922116666666,10.945042666666666,"2026-01-12 13:35:55"
1116,1,50.269235166666675,10.945048833333333,"2026-01-12 13:35:52"
1115,1,50.26924283333333,10.945048333333334,"2026-01-12 13:35:51"
1114,1,50.26925249999999,10.945050499999999,"2026-01-12 13:35:49"
1113,1,50.26928083333334,10.945054666666666,"2026-01-12 13:35:47"
1112,1,50.2693015,10.9450665,"2026-01-12 13:35:46"
1111,1,50.2693415,10.945081833333331,"2026-01-12 13:35:45"
1110,1,50.26943983333334,10.9451285,"2026-01-12 13:35:43"
1109,1,50.26948866666667,10.945153333333334,"2026-01-12 13:35:42"
1108,1,50.269542833333325,10.945186000000001,"2026-01-12 13:35:41"
1107,1,50.26961983333334,10.945225166666667,"2026-01-12 13:35:39"
1106,1,50.269653500000004,10.945230833333335,"2026-01-12 13:35:38"
1105,1,50.26968016666667,10.945217333333336,"2026-01-12 13:35:37"
1104,1,50.26971233333334,10.945183000000002,"2026-01-12 13:35:35"
1103,1,50.269731666666665,10.945136666666667,"2026-01-12 13:35:33"
1102,1,50.269742166666674,10.945094500000002,"2026-01-12 13:35:32"
1101,1,50.26977316666667,10.944984166666666,"2026-01-12 13:35:30"
1100,1,50.26979516666667,10.9449055,"2026-01-12 13:35:29"
1099,1,50.26984516666666,10.944723166666666,"2026-01-12 13:35:27"
1098,1,50.269872166666666,10.944624333333335,"2026-01-12 13:35:26"
1097,1,50.26989683333333,10.944517333333332,"2026-01-12 13:35:25"
1096,1,50.26995316666667,10.944309833333334,"2026-01-12 13:35:23"
1095,1,50.269982666666664,10.944207500000001,"2026-01-12 13:35:22"
1094,1,50.270011999999994,10.944107,"2026-01-12 13:35:21"
1093,1,50.270067000000004,10.943913333333334,"2026-01-12 13:35:19"
1092,1,50.27012766666667,10.943730999999998,"2026-01-12 13:35:17"
1091,1,50.270186333333335,10.943551833333334,"2026-01-12 13:35:15"
1090,1,50.270229666666665,10.943368166666668,"2026-01-12 13:35:13"
1089,1,50.270277166666666,10.943177333333331,"2026-01-12 13:35:11"
1088,1,50.2703275,10.942988666666668,"2026-01-12 13:35:09"
1087,1,50.27034966666667,10.942896,"2026-01-12 13:35:08"
1086,1,50.27038733333334,10.942722333333332,"2026-01-12 13:35:06"
1085,1,50.27040316666667,10.942645166666667,"2026-01-12 13:35:05"
1084,1,50.27043883333334,10.942513333333332,"2026-01-12 13:35:03"
1083,1,50.27044483333334,10.942463666666667,"2026-01-12 13:35:01"
1082,1,50.27044633333333,10.942459666666666,"2026-01-12 13:34:59"
1081,1,50.27044683333334,10.9424625,"2026-01-12 13:34:58"
1080,1,50.27044416666666,10.942464333333332,"2026-01-12 13:34:55"
1079,1,50.27044766666666,10.942462166666667,"2026-01-12 13:34:53"
1078,1,50.27044933333333,10.942456833333331,"2026-01-12 13:34:52"
1077,1,50.27044883333333,10.9424465,"2026-01-12 13:34:51"
1076,1,50.270472500000004,10.942377333333331,"2026-01-12 13:34:49"
1075,1,50.270506999999995,10.942245833333335,"2026-01-12 13:34:47"
1074,1,50.270552333333335,10.942113166666665,"2026-01-12 13:34:45"
1073,1,50.270611666666674,10.942012499999999,"2026-01-12 13:34:43"
1072,1,50.27069483333333,10.9419605,"2026-01-12 13:34:41"
1071,1,50.27074883333333,10.941947333333333,"2026-01-12 13:34:40"
1070,1,50.270791666666675,10.941944833333332,"2026-01-12 13:34:39"
1069,1,50.27085666666667,10.941980000000001,"2026-01-12 13:34:37"
1068,1,50.27090133333333,10.9420285,"2026-01-12 13:34:36"
1067,1,50.27093549999999,10.942084666666664,"2026-01-12 13:34:35"
1066,1,50.27099416666667,10.942257166666666,"2026-01-12 13:34:33"
1065,1,50.2710445,10.942331333333334,"2026-01-12 13:34:32"
1064,1,50.27112999999999,10.942508666666667,"2026-01-12 13:34:30"
1063,1,50.271167,10.942601666666667,"2026-01-12 13:34:29"
1062,1,50.271233833333326,10.942779666666668,"2026-01-12 13:34:27"
1061,1,50.27126483333333,10.942870000000001,"2026-01-12 13:34:26"
1060,1,50.271302,10.943040166666666,"2026-01-12 13:34:24"
1059,1,50.271332833333325,10.943131833333332,"2026-01-12 13:34:23"
1058,1,50.27139433333333,10.943319,"2026-01-12 13:34:21"
1057,1,50.27142033333333,10.943414499999998,"2026-01-12 13:34:20"
1056,1,50.2714455,10.943509833333334,"2026-01-12 13:34:19"
1055,1,50.271468500000005,10.943606333333332,"2026-01-12 13:34:18"
1054,1,50.27151666666667,10.943803333333335,"2026-01-12 13:34:16"
1053,1,50.27153833333333,10.9439015,"2026-01-12 13:34:15"
1052,1,50.271582,10.9440925,"2026-01-12 13:34:13"
1051,1,50.271606000000006,10.944184833333335,"2026-01-12 13:34:12"
1050,1,50.27163266666666,10.944272000000002,"2026-01-12 13:34:11"
1049,1,50.271695666666666,10.944430833333335,"2026-01-12 13:34:09"
1048,1,50.27172966666667,10.944503666666666,"2026-01-12 13:34:08"
1047,1,50.27176666666666,10.944572666666666,"2026-01-12 13:34:07"
1046,1,50.271849,10.944693500000001,"2026-01-12 13:34:05"
1045,1,50.271938500000005,10.944799333333332,"2026-01-12 13:34:03"
1044,1,50.27202316666667,10.944897,"2026-01-12 13:34:01"
1043,1,50.272104999999996,10.944983166666669,"2026-01-12 13:33:59"
1042,1,50.27218916666667,10.945059666666669,"2026-01-12 13:33:57"
1041,1,50.27223300000001,10.945094333333335,"2026-01-12 13:33:56"
1040,1,50.27228566666666,10.945195000000002,"2026-01-12 13:33:54"
1039,1,50.27229366666667,10.945257833333335,"2026-01-12 13:33:53"
1038,1,50.27226433333333,10.945382166666665,"2026-01-12 13:33:51"
1037,1,50.27221599999999,10.945535500000002,"2026-01-12 13:33:49"
1036,1,50.27218483333333,10.945624166666668,"2026-01-12 13:33:48"
1035,1,50.2721235,10.945805,"2026-01-12 13:33:46"
1034,1,50.27202466666666,10.946056333333335,"2026-01-12 13:33:43"
1033,1,50.27197416666666,10.9461255,"2026-01-12 13:33:42"
1032,1,50.271920833333326,10.9461875,"2026-01-12 13:33:41"
1031,1,50.27183033333334,10.946295833333332,"2026-01-12 13:33:39"
1030,1,50.27171166666667,10.946379666666667,"2026-01-12 13:33:37"
1029,1,50.27163383333333,10.946400333333335,"2026-01-12 13:33:36"
1028,1,50.27158566666667,10.946416833333334,"2026-01-12 13:33:35"
1027,1,50.271498,10.946436166666668,"2026-01-12 13:33:33"
1026,1,50.2714575,10.946438833333332,"2026-01-12 13:33:32"
1025,1,50.27140466666666,10.946445333333335,"2026-01-12 13:33:30"
1024,1,50.27138866666666,10.946457666666667,"2026-01-12 13:33:29"
1023,1,50.271383,10.946461833333334,"2026-01-12 13:33:28"
1022,1,50.271382333333335,10.946468666666666,"2026-01-12 13:33:26"
1021,1,50.271384000000005,10.946475999999999,"2026-01-12 13:33:23"
1020,1,50.27138,10.9464725,"2026-01-12 13:33:22"
1019,1,50.27137866666667,10.946475333333334,"2026-01-12 13:33:20"
1018,1,50.271382833333334,10.946480000000001,"2026-01-12 13:33:19"
1017,1,50.27132616666666,10.946483,"2026-01-12 13:33:17"
1016,1,50.27127466666668,10.946477833333331,"2026-01-12 13:33:16"
1015,1,50.27121,10.946469666666667,"2026-01-12 13:33:15"
1014,1,50.271074666666664,10.946452500000001,"2026-01-12 13:33:13"
1013,1,50.27094416666667,10.946387499999998,"2026-01-12 13:33:11"
1012,1,50.270877166666665,10.9463365,"2026-01-12 13:33:10"
1011,1,50.270823333333325,10.946272166666665,"2026-01-12 13:33:09"
1010,1,50.27073116666667,10.946134333333335,"2026-01-12 13:33:07"
1009,1,50.27062133333334,10.945980666666665,"2026-01-12 13:33:05"
1008,1,50.27056266666667,10.9459045,"2026-01-12 13:33:04"
1007,1,50.270407999999996,10.945687166666668,"2026-01-12 13:33:01"
1006,1,50.27025116666667,10.945556500000002,"2026-01-12 13:32:59"
1005,1,50.27010116666667,10.945418833333333,"2026-01-12 13:32:57"
1004,1,50.269960000000005,10.945352333333336,"2026-01-12 13:32:55"
1003,1,50.26987466666666,10.945319,"2026-01-12 13:32:54"
1002,1,50.2698065,10.945293333333332,"2026-01-12 13:32:53"
1001,1,50.269751666666664,10.945270833333332,"2026-01-12 13:32:52"
1000,1,50.269604333333334,10.945225166666667,"2026-01-12 13:32:50"
999,1,50.269551333333325,10.945198166666668,"2026-01-12 13:32:49"
998,1,50.2694635,10.945174999999999,"2026-01-12 13:32:47"
997,1,50.2693385,10.945117666666667,"2026-01-12 13:32:45"
996,1,50.2692185,10.945066999999998,"2026-01-12 13:32:43"
995,1,50.26915,10.945044833333334,"2026-01-12 13:32:42"
994,1,50.269086833333326,10.945029333333332,"2026-01-12 13:32:41"
993,1,50.2689715,10.945021999999998,"2026-01-12 13:32:39"
992,1,50.26885600000001,10.945024499999999,"2026-01-12 13:32:37"
991,1,50.26875166666667,10.945061666666668,"2026-01-12 13:32:35"
990,1,50.268680833333335,10.945192166666667,"2026-01-12 13:32:33"
989,1,50.26864833333334,10.945276999999999,"2026-01-12 13:32:32"
988,1,50.26856916666667,10.94547533333333,"2026-01-12 13:32:30"
987,1,50.26852516666666,10.945571166666666,"2026-01-12 13:32:29"
986,1,50.268444,10.945746333333334,"2026-01-12 13:32:27"
985,1,50.268381166666664,10.945898833333334,"2026-01-12 13:32:25"
984,1,50.26833933333334,10.946030166666667,"2026-01-12 13:32:23"
983,1,50.26832316666667,10.946093166666666,"2026-01-12 13:32:22"
982,1,50.2683185,10.946148666666666,"2026-01-12 13:32:21"
981,1,50.26833116666667,10.946229666666666,"2026-01-12 13:32:19"
980,1,50.26833466666667,10.946243166666667,"2026-01-12 13:32:18"
979,1,50.268319166666664,10.946254500000002,"2026-01-12 13:32:16"
978,1,50.26832316666667,10.946243333333333,"2026-01-12 13:32:15"
977,1,50.26832383333333,10.946210666666666,"2026-01-12 13:32:14"
976,1,50.26832966666666,10.946161333333334,"2026-01-12 13:32:13"
975,1,50.26834699999999,10.946018666666665,"2026-01-12 13:32:11"
974,1,50.26833683333333,10.945859833333335,"2026-01-12 13:32:09"
973,1,50.26831683333333,10.945693333333335,"2026-01-12 13:32:07"
972,1,50.268319166666664,10.945594999999999,"2026-01-12 13:32:06"
971,1,50.26832383333333,10.945488333333333,"2026-01-12 13:32:05"
970,1,50.268324666666665,10.945378999999999,"2026-01-12 13:32:04"
969,1,50.26833133333333,10.945163500000001,"2026-01-12 13:32:02"
968,1,50.268345,10.945068833333334,"2026-01-12 13:32:01"
967,1,50.26833716666667,10.944882666666668,"2026-01-12 13:31:59"
966,1,50.26834833333334,10.944702500000002,"2026-01-12 13:31:57"
965,1,50.268361500000005,10.944539166666667,"2026-01-12 13:31:55"
964,1,50.2683665,10.944411333333335,"2026-01-12 13:31:53"
963,1,50.26837050000001,10.944364666666669,"2026-01-12 13:31:52"
962,1,50.26837083333333,10.944338666666665,"2026-01-12 13:31:51"
961,1,50.26837766666666,10.944328166666667,"2026-01-12 13:31:48"
960,1,50.26837616666667,10.944319166666666,"2026-01-12 13:31:46"
959,1,50.26837733333333,10.944310333333332,"2026-01-12 13:31:45"
958,1,50.26837350000001,10.944256499999998,"2026-01-12 13:31:43"
957,1,50.26837166666666,10.944130500000002,"2026-01-12 13:31:41"
956,1,50.26837066666667,10.944044333333332,"2026-01-12 13:31:40"
955,1,50.268366833333324,10.943942833333331,"2026-01-12 13:31:39"
954,1,50.26836566666666,10.943830333333334,"2026-01-12 13:31:38"
953,1,50.268363666666666,10.943709000000002,"2026-01-12 13:31:37"
952,1,50.268361166666665,10.943582833333334,"2026-01-12 13:31:36"
951,1,50.26835733333334,10.943453666666668,"2026-01-12 13:31:35"
950,1,50.2683385,10.94319,"2026-01-12 13:31:33"
949,1,50.26830733333333,10.942937166666665,"2026-01-12 13:31:31"
948,1,50.26828366666667,10.942819833333333,"2026-01-12 13:31:30"
947,1,50.26826200000001,10.942698499999999,"2026-01-12 13:31:29"
946,1,50.26821483333333,10.942458666666669,"2026-01-12 13:31:27"
945,1,50.268194166666675,10.942338,"2026-01-12 13:31:26"
944,1,50.26817416666666,10.942217166666667,"2026-01-12 13:31:25"
943,1,50.268131833333335,10.94197516666667,"2026-01-12 13:31:23"
942,1,50.268109,10.941854166666667,"2026-01-12 13:31:22"
941,1,50.2680905,10.941732333333334,"2026-01-12 13:31:21"
940,1,50.26805216666666,10.941501666666666,"2026-01-12 13:31:19"
939,1,50.26803816666667,10.9413975,"2026-01-12 13:31:18"
938,1,50.26801966666667,10.941289666666668,"2026-01-12 13:31:17"
937,1,50.26798616666667,10.941081666666665,"2026-01-12 13:31:15"
936,1,50.267976166666664,10.940907833333332,"2026-01-12 13:31:13"
935,1,50.26794966666667,10.940768333333331,"2026-01-12 13:31:11"
934,1,50.2679345,10.940687166666665,"2026-01-12 13:31:09"
933,1,50.267934333333336,10.940674333333334,"2026-01-12 13:31:08"
932,1,50.26793383333334,10.940671166666668,"2026-01-12 13:31:07"
931,1,50.267934333333336,10.940670833333336,"2026-01-12 13:31:06"
930,1,50.267931,10.940669666666668,"2026-01-12 13:31:05"
929,1,50.267928500000004,10.9406665,"2026-01-12 13:31:03"
928,1,50.267926833333334,10.940664666666665,"2026-01-12 13:31:02"
927,1,50.26792366666667,10.940662833333333,"2026-01-12 13:31:01"
926,1,50.26791766666667,10.940659833333333,"2026-01-12 13:30:59"
925,1,50.26791516666667,10.940658833333336,"2026-01-12 13:30:58"
924,1,50.267913,10.940657333333336,"2026-01-12 13:30:57"
923,1,50.2679105,10.940655666666665,"2026-01-12 13:30:56"
922,1,50.2679075,10.940650166666668,"2026-01-12 13:30:54"
921,1,50.267906499999995,10.940647333333335,"2026-01-12 13:30:53"
920,1,50.26790233333333,10.940642333333335,"2026-01-12 13:30:51"
919,1,50.26789816666666,10.940638000000002,"2026-01-12 13:30:49"
918,1,50.26789483333334,10.940632833333332,"2026-01-12 13:30:47"
917,1,50.26789350000001,10.940629833333332,"2026-01-12 13:30:46"
916,1,50.26789216666666,10.940628,"2026-01-12 13:30:45"
915,1,50.26789133333333,10.940624333333336,"2026-01-12 13:30:43"
914,1,50.2678915,10.940622166666666,"2026-01-12 13:30:42"
913,1,50.26789316666667,10.940616166666667,"2026-01-12 13:30:39"
912,1,50.26789,10.940617000000001,"2026-01-12 13:30:37"
911,1,50.26789216666666,10.940611833333332,"2026-01-12 13:30:35"
910,1,50.26789416666667,10.940606833333334,"2026-01-12 13:30:33"
909,1,50.26789350000001,10.940607833333335,"2026-01-12 13:30:31"
908,1,50.26789316666667,10.9406085,"2026-01-12 13:30:29"
907,1,50.26789350000001,10.94061,"2026-01-12 13:30:27"
906,1,50.26789466666667,10.940610666666664,"2026-01-12 13:30:25"
905,1,50.267897999999995,10.940608833333332,"2026-01-12 13:30:23"
904,1,50.267899333333325,10.940608000000001,"2026-01-12 13:30:22"
903,1,50.26790316666667,10.940606666666667,"2026-01-12 13:30:20"
902,1,50.267906666666676,10.9406055,"2026-01-12 13:30:18"
901,1,50.267911000000005,10.940604833333335,"2026-01-12 13:30:16"
900,1,50.267913,10.940604166666667,"2026-01-12 13:30:15"
899,1,50.267911166666664,10.940600166666664,"2026-01-12 13:30:13"
898,1,50.267916833333324,10.940599166666667,"2026-01-12 13:30:12"
897,1,50.2679165,10.940590333333335,"2026-01-12 13:30:10"
896,1,50.26790266666667,10.940517,"2026-01-12 13:30:08"
895,1,50.26788083333333,10.940368666666666,"2026-01-12 13:30:06"
894,1,50.26787083333333,10.940271166666665,"2026-01-12 13:30:05"
893,1,50.267835,10.940058166666665,"2026-01-12 13:30:03"
892,1,50.267818500000004,10.939951333333333,"2026-01-12 13:30:02"
891,1,50.267800666666666,10.939843833333335,"2026-01-12 13:30:01"
890,1,50.26776766666667,10.939622666666667,"2026-01-12 13:29:59"
889,1,50.267731000000005,10.939395666666666,"2026-01-12 13:29:57"
888,1,50.26771083333333,10.939284833333334,"2026-01-12 13:29:56"
887,1,50.26769216666666,10.939174833333334,"2026-01-12 13:29:55"
886,1,50.267671333333325,10.939063833333334,"2026-01-12 13:29:54"
885,1,50.26762116666667,10.938840166666667,"2026-01-12 13:29:52"
884,1,50.26751583333333,10.938534166666667,"2026-01-12 13:29:49"
883,1,50.26746833333333,10.938445833333333,"2026-01-12 13:29:48"
882,1,50.267366666666675,10.938290666666667,"2026-01-12 13:29:46"
881,1,50.26731083333334,10.938225499999998,"2026-01-12 13:29:45"
880,1,50.267208,10.938123333333332,"2026-01-12 13:29:43"
879,1,50.26715550000001,10.938087666666668,"2026-01-12 13:29:42"
878,1,50.26709883333333,10.9380645,"2026-01-12 13:29:41"
877,1,50.267027000000006,10.9380535,"2026-01-12 13:29:40"
876,1,50.26695516666667,10.938055,"2026-01-12 13:29:39"
875,1,50.26680983333334,10.938069666666669,"2026-01-12 13:29:37"
874,1,50.266678333333324,10.938104,"2026-01-12 13:29:35"
873,1,50.26653866666667,10.938151333333334,"2026-01-12 13:29:33"
872,1,50.26640866666666,10.9381965,"2026-01-12 13:29:31"
871,1,50.26629866666667,10.938224666666667,"2026-01-12 13:29:29"
870,1,50.266267666666664,10.938246166666666,"2026-01-12 13:29:28"
869,1,50.2662145,10.938272333333336,"2026-01-12 13:29:26"
868,1,50.266212166666676,10.938278166666665,"2026-01-12 13:29:25"
867,1,50.26621183333334,10.938281166666664,"2026-01-12 13:29:23"
866,1,50.266212166666676,10.938282499999998,"2026-01-12 13:29:22"
865,1,50.2662075,10.938284,"2026-01-12 13:29:21"
864,1,50.266206,10.938288499999999,"2026-01-12 13:29:19"
863,1,50.266207,10.9382925,"2026-01-12 13:29:18"
862,1,50.266189000000004,10.938295666666667,"2026-01-12 13:29:16"
861,1,50.266125333333335,10.938321666666665,"2026-01-12 13:29:14"
860,1,50.266085999999994,10.938343333333334,"2026-01-12 13:29:13"
859,1,50.266026,10.938363166666667,"2026-01-12 13:29:12"
858,1,50.26588100000001,10.938409166666668,"2026-01-12 13:29:10"
857,1,50.26581366666666,10.938436666666666,"2026-01-12 13:29:09"
856,1,50.26573833333334,10.938465666666666,"2026-01-12 13:29:08"
855,1,50.26559,10.938533500000002,"2026-01-12 13:29:06"
854,1,50.265446000000004,10.938613666666667,"2026-01-12 13:29:04"
853,1,50.26537983333333,10.938663333333333,"2026-01-12 13:29:03"
852,1,50.26524966666666,10.938785,"2026-01-12 13:29:01"
851,1,50.26515083333334,10.938931833333333,"2026-01-12 13:28:59"
850,1,50.26511716666667,10.939015333333336,"2026-01-12 13:28:58"
849,1,50.26508616666667,10.939114166666664,"2026-01-12 13:28:57"
848,1,50.26504083333332,10.939320000000002,"2026-01-12 13:28:55"
847,1,50.2650165,10.939533833333334,"2026-01-12 13:28:53"
846,1,50.26501083333333,10.939642333333332,"2026-01-12 13:28:52"
845,1,50.26500533333333,10.939753,"2026-01-12 13:28:51"
844,1,50.26500733333334,10.939979000000001,"2026-01-12 13:28:49"
843,1,50.265004,10.940100500000002,"2026-01-12 13:28:48"
842,1,50.264997166666674,10.940355499999999,"2026-01-12 13:28:46"
841,1,50.264993999999994,10.940484499999998,"2026-01-12 13:28:45"
840,1,50.264988833333334,10.940741833333334,"2026-01-12 13:28:43"
839,1,50.265008,10.940996500000002,"2026-01-12 13:28:41"
838,1,50.265024499999996,10.941115833333333,"2026-01-12 13:28:40"
837,1,50.26505166666667,10.941229166666668,"2026-01-12 13:28:39"
836,1,50.265088,10.941338666666665,"2026-01-12 13:28:38"
835,1,50.26512883333333,10.941441333333334,"2026-01-12 13:28:37"
834,1,50.26522133333333,10.94161483333333,"2026-01-12 13:28:35"
833,1,50.26526833333334,10.94168233333333,"2026-01-12 13:28:34"
832,1,50.265364,10.941787,"2026-01-12 13:28:32"
831,1,50.265430833333326,10.941864333333335,"2026-01-12 13:28:30"
830,1,50.265453166666674,10.9418875,"2026-01-12 13:28:29"
829,1,50.26546633333334,10.941899999999999,"2026-01-12 13:28:28"
828,1,50.26546266666666,10.941903833333333,"2026-01-12 13:28:26"
827,1,50.26546683333333,10.941909666666668,"2026-01-12 13:28:24"
826,1,50.26547966666667,10.9419195,"2026-01-12 13:28:22"
825,1,50.26553216666666,10.941966666666668,"2026-01-12 13:28:20"
824,1,50.2655685,10.942008500000002,"2026-01-12 13:28:19"
823,1,50.26566116666666,10.942114666666665,"2026-01-12 13:28:17"
822,1,50.26570783333333,10.942171333333333,"2026-01-12 13:28:16"
821,1,50.26574983333333,10.942228166666666,"2026-01-12 13:28:15"
820,1,50.265792499999996,10.942383666666668,"2026-01-12 13:28:13"
819,1,50.26579149999999,10.942554333333332,"2026-01-12 13:28:11"
818,1,50.26577283333333,10.942639999999999,"2026-01-12 13:28:10"
817,1,50.265747833333336,10.94272866666667,"2026-01-12 13:28:09"
816,1,50.26569849999999,10.942914166666666,"2026-01-12 13:28:07"
815,1,50.26564683333333,10.943104666666667,"2026-01-12 13:28:05"
814,1,50.265621499999995,10.943201166666665,"2026-01-12 13:28:04"
813,1,50.26559666666667,10.9432985,"2026-01-12 13:28:03"
812,1,50.26554183333333,10.943494500000002,"2026-01-12 13:28:01"
811,1,50.26548983333334,10.943682999999998,"2026-01-12 13:27:59"
810,1,50.26541916666667,10.943840499999999,"2026-01-12 13:27:57"
809,1,50.265310666666664,10.943930666666665,"2026-01-12 13:27:55"
808,1,50.26524666666666,10.943952833333332,"2026-01-12 13:27:54"
807,1,50.26517116666667,10.943972333333333,"2026-01-12 13:27:53"
806,1,50.265031666666665,10.944035666666666,"2026-01-12 13:27:51"
805,1,50.26496116666667,10.944068833333331,"2026-01-12 13:27:50"
804,1,50.26489516666667,10.944098499999999,"2026-01-12 13:27:49"
803,1,50.26483016666666,10.944126666666667,"2026-01-12 13:27:48"
802,1,50.264705500000005,10.944180999999999,"2026-01-12 13:27:46"
801,1,50.26464216666667,10.944209833333332,"2026-01-12 13:27:45"
800,1,50.264516500000006,10.944270999999999,"2026-01-12 13:27:43"
799,1,50.26439333333333,10.944347333333333,"2026-01-12 13:27:41"
798,1,50.2642875,10.9444425,"2026-01-12 13:27:39"
797,1,50.264238999999996,10.944475833333335,"2026-01-12 13:27:38"
796,1,50.264195333333326,10.944478499999999,"2026-01-12 13:27:37"
795,1,50.26411783333333,10.944475666666666,"2026-01-12 13:27:35"
794,1,50.26409916666667,10.944478666666665,"2026-01-12 13:27:34"
793,1,50.26409099999999,10.944480833333333,"2026-01-12 13:27:32"
792,1,50.2640925,10.9444835,"2026-01-12 13:27:30"
791,1,50.26408216666667,10.9444835,"2026-01-12 13:27:29"
790,1,50.264063333333326,10.944486166666666,"2026-01-12 13:27:28"
789,1,50.26398866666667,10.944511666666665,"2026-01-12 13:27:26"
788,1,50.26392316666667,10.944542833333333,"2026-01-12 13:27:25"
787,1,50.26377733333334,10.944649666666665,"2026-01-12 13:27:23"
786,1,50.263604333333326,10.944813166666666,"2026-01-12 13:27:21"
785,1,50.26353483333334,10.944908166666668,"2026-01-12 13:27:20"
784,1,50.263388,10.945132999999998,"2026-01-12 13:27:18"
783,1,50.26337466666667,10.945445333333332,"2026-01-12 13:27:16"
782,1,50.26336283333333,10.945601166666666,"2026-01-12 13:27:15"
781,1,50.26336633333334,10.945918166666669,"2026-01-12 13:27:13"
780,1,50.26337316666666,10.946070833333332,"2026-01-12 13:27:12"
779,1,50.263395499999994,10.946379000000002,"2026-01-12 13:27:10"
778,1,50.26340933333333,10.946532666666666,"2026-01-12 13:27:09"
777,1,50.263420333333336,10.9468345,"2026-01-12 13:27:07"
776,1,50.26342483333333,10.946982166666665,"2026-01-12 13:27:06"
775,1,50.26342116666667,10.947262833333331,"2026-01-12 13:27:04"
774,1,50.26337733333333,10.9476255,"2026-01-12 13:27:01"
773,1,50.26331916666666,10.947840666666666,"2026-01-12 13:26:59"
772,1,50.26326616666667,10.948016500000001,"2026-01-12 13:26:57"
771,1,50.26322716666667,10.948137166666667,"2026-01-12 13:26:55"
770,1,50.26321466666666,10.948172,"2026-01-12 13:26:54"
769,1,50.26320916666667,10.948194,"2026-01-12 13:26:53"
768,1,50.263205166666665,10.948207833333333,"2026-01-12 13:26:52"
767,1,50.263202500000006,10.9482155,"2026-01-12 13:26:51"
766,1,50.263202666666665,10.948223166666667,"2026-01-12 13:26:49"
765,1,50.263200833333336,10.948234333333335,"2026-01-12 13:26:48"
764,1,50.26318733333333,10.948295166666666,"2026-01-12 13:26:46"
763,1,50.263103833333325,10.948530000000002,"2026-01-12 13:26:43"
762,1,50.263023833333335,10.948755166666668,"2026-01-12 13:26:41"
761,1,50.262983,10.948867,"2026-01-12 13:26:40"
760,1,50.26294849999999,10.948978666666669,"2026-01-12 13:26:39"
759,1,50.26292766666667,10.949085166666668,"2026-01-12 13:26:38"
758,1,50.262896500000004,10.949311666666665,"2026-01-12 13:26:36"
757,1,50.26287916666667,10.949559666666667,"2026-01-12 13:26:34"
756,1,50.26286866666666,10.949785333333333,"2026-01-12 13:26:32"
755,1,50.2628865,10.950020666666667,"2026-01-12 13:26:30"
754,1,50.262902333333344,10.9501265,"2026-01-12 13:26:29"
753,1,50.26293666666667,10.950370666666666,"2026-01-12 13:26:26"
752,1,50.26294683333334,10.950443666666668,"2026-01-12 13:26:25"
751,1,50.2629525,10.950539666666668,"2026-01-12 13:26:23"
750,1,50.26293783333334,10.950570166666667,"2026-01-12 13:26:21"
749,1,50.26293883333333,10.950569833333335,"2026-01-12 13:26:19"
748,1,50.262938500000004,10.950569333333332,"2026-01-12 13:26:18"
747,1,50.26294133333334,10.950572833333334,"2026-01-12 13:26:16"
746,1,50.26294500000001,10.950576833333333,"2026-01-12 13:26:15"
745,1,50.26291233333333,10.950615999999998,"2026-01-12 13:26:13"
744,1,50.26285516666667,10.950677666666666,"2026-01-12 13:26:11"
743,1,50.262817,10.950769333333335,"2026-01-12 13:26:09"
742,1,50.26279566666667,10.950837666666667,"2026-01-12 13:26:07"
741,1,50.26279433333334,10.950846666666667,"2026-01-12 13:26:05"
740,1,50.262792833333336,10.950847333333336,"2026-01-12 13:26:03"
739,1,50.2627855,10.950855,"2026-01-12 13:26:01"
738,1,50.2627705,10.950900833333332,"2026-01-12 13:25:59"
737,1,50.26273549999999,10.951011333333334,"2026-01-12 13:25:57"
736,1,50.26271199999999,10.951090833333334,"2026-01-12 13:25:56"
735,1,50.26268700000001,10.951187833333332,"2026-01-12 13:25:55"
734,1,50.26263349999999,10.951418,"2026-01-12 13:25:53"
733,1,50.26259316666666,10.951666666666664,"2026-01-12 13:25:51"
732,1,50.262556,10.951922833333333,"2026-01-12 13:25:49"
731,1,50.26250733333333,10.952184333333332,"2026-01-12 13:25:47"
730,1,50.26247766666667,10.952313499999999,"2026-01-12 13:25:46"
729,1,50.262443166666664,10.952440999999999,"2026-01-12 13:25:45"
728,1,50.26236366666667,10.952682000000001,"2026-01-12 13:25:43"
727,1,50.262261,10.952905666666668,"2026-01-12 13:25:41"
726,1,50.26221266666666,10.953007666666668,"2026-01-12 13:25:40"
725,1,50.26209933333333,10.953197833333336,"2026-01-12 13:25:38"
724,1,50.26203783333334,10.953286666666667,"2026-01-12 13:25:37"
723,1,50.2619215,10.953437833333332,"2026-01-12 13:25:35"
722,1,50.26186250000001,10.953506166666667,"2026-01-12 13:25:34"
721,1,50.26180566666667,10.953569499999999,"2026-01-12 13:25:33"
720,1,50.26170233333334,10.953667666666668,"2026-01-12 13:25:31"
719,1,50.26161516666666,10.953748333333332,"2026-01-12 13:25:29"
718,1,50.26154133333333,10.953776666666666,"2026-01-12 13:25:27"
717,1,50.261513,10.953743999999999,"2026-01-12 13:25:25"
716,1,50.2615075,10.953711833333333,"2026-01-12 13:25:23"
715,1,50.26150616666667,10.953695166666668,"2026-01-12 13:25:22"
714,1,50.26148416666667,10.953601666666668,"2026-01-12 13:25:20"
713,1,50.261438,10.953484333333332,"2026-01-12 13:25:18"
712,1,50.26139983333334,10.953368166666667,"2026-01-12 13:25:16"
711,1,50.26137000000001,10.953307500000001,"2026-01-12 13:25:14"
710,1,50.26136383333334,10.953299166666666,"2026-01-12 13:25:12"
709,1,50.26136233333333,10.953300500000001,"2026-01-12 13:25:11"
708,1,50.26136216666667,10.953301666666668,"2026-01-12 13:25:10"
707,1,50.261364333333326,10.953302333333333,"2026-01-12 13:25:09"
706,1,50.26134416666667,10.953250833333334,"2026-01-12 13:25:07"
705,1,50.26132366666668,10.9531595,"2026-01-12 13:25:05"
704,1,50.26129383333333,10.953011,"2026-01-12 13:25:03"
703,1,50.261247000000004,10.952829333333334,"2026-01-12 13:25:01"
702,1,50.261192,10.952632999999999,"2026-01-12 13:24:59"
701,1,50.26116283333334,10.952529,"2026-01-12 13:24:58"
700,1,50.261100000000006,10.952320666666667,"2026-01-12 13:24:56"
699,1,50.261066,10.952215166666667,"2026-01-12 13:24:55"
698,1,50.26099133333334,10.952014166666666,"2026-01-12 13:24:53"
697,1,50.260912833333336,10.951814333333335,"2026-01-12 13:24:51"
696,1,50.26085016666666,10.951638833333334,"2026-01-12 13:24:49"
695,1,50.260825000000004,10.951563666666667,"2026-01-12 13:24:48"
694,1,50.260735833333335,10.951417499999998,"2026-01-12 13:24:46"
693,1,50.26071449999999,10.951315666666668,"2026-01-12 13:24:45"
692,1,50.26071933333333,10.951181499999999,"2026-01-12 13:24:44"
691,1,50.260642833333335,10.950752333333332,"2026-01-12 13:24:42"
690,1,50.26025016666667,10.950555000000001,"2026-01-12 13:24:34"
689,1,50.25990466666667,10.950485499999997,"2026-01-12 13:24:27"
688,1,50.25983366666666,10.950470499999998,"2026-01-12 13:24:26"
687,1,50.259730999999995,10.950488,"2026-01-12 13:24:24"
686,1,50.25966766666667,10.950507666666665,"2026-01-12 13:24:23"
685,1,50.259550833333336,10.950565166666669,"2026-01-12 13:24:21"
684,1,50.25944833333333,10.950627333333333,"2026-01-12 13:24:19"
683,1,50.259403000000006,10.950653333333332,"2026-01-12 13:24:18"
682,1,50.25928783333334,10.9507535,"2026-01-12 13:24:15"
681,1,50.25920183333333,10.950822333333333,"2026-01-12 13:24:13"
680,1,50.259140499999994,10.950856666666668,"2026-01-12 13:24:11"
679,1,50.259103833333334,10.950838500000001,"2026-01-12 13:24:09"
678,1,50.259097833333335,10.950829833333334,"2026-01-12 13:24:07"
677,1,50.2590875,10.950801333333334,"2026-01-12 13:24:05"
676,1,50.25908566666667,10.950772166666665,"2026-01-12 13:24:04"
675,1,50.259082166666666,10.950719833333334,"2026-01-12 13:24:03"
674,1,50.259069333333336,10.950560166666666,"2026-01-12 13:24:01"
673,1,50.25905766666666,10.9503435,"2026-01-12 13:23:59"
672,1,50.259045833333325,10.950133999999998,"2026-01-12 13:23:57"
671,1,50.259043166666665,10.949967499999998,"2026-01-12 13:23:55"
670,1,50.25903400000001,10.949865499999998,"2026-01-12 13:23:53"
669,1,50.25902983333334,10.949841,"2026-01-12 13:23:52"
668,1,50.2590265,10.949827999999998,"2026-01-12 13:23:51"
667,1,50.25902166666666,10.949822500000002,"2026-01-12 13:23:49"
666,1,50.259018166666664,10.949819666666667,"2026-01-12 13:23:48"
665,1,50.25901650000001,10.949818333333333,"2026-01-12 13:23:47"
664,1,50.259010833333335,10.949810833333334,"2026-01-12 13:23:45"
663,1,50.25900633333334,10.9498035,"2026-01-12 13:23:43"
662,1,50.25900933333334,10.949795166666668,"2026-01-12 13:23:41"
661,1,50.259012166666665,10.949785499999999,"2026-01-12 13:23:39"
660,1,50.25902416666666,10.949751833333334,"2026-01-12 13:23:37"
659,1,50.25901616666667,10.949633166666668,"2026-01-12 13:23:35"
658,1,50.25901316666667,10.949542666666666,"2026-01-12 13:23:34"
657,1,50.259005333333334,10.949318833333333,"2026-01-12 13:23:32"
656,1,50.25901133333333,10.949035333333333,"2026-01-12 13:23:30"
655,1,50.25901883333333,10.948707666666667,"2026-01-12 13:23:28"
654,1,50.25901833333334,10.948544,"2026-01-12 13:23:27"
653,1,50.25907833333334,10.948182333333333,"2026-01-12 13:23:25"
652,1,50.259083,10.947630499999999,"2026-01-12 13:23:21"
651,1,50.259201166666664,10.947345,"2026-01-12 13:23:19"
650,1,50.259174,10.946403000000002,"2026-01-12 13:23:12"
649,1,50.25915166666667,10.946277333333335,"2026-01-12 13:23:11"
648,1,50.25915116666667,10.945987333333335,"2026-01-12 13:23:09"
647,1,50.25912316666666,10.945851000000001,"2026-01-12 13:23:08"
646,1,50.25910933333333,10.945592,"2026-01-12 13:23:06"
645,1,50.259138833333324,10.945165666666666,"2026-01-12 13:23:03"
644,1,50.25916033333333,10.9448745,"2026-01-12 13:23:01"
643,1,50.259179333333336,10.944562,"2026-01-12 13:22:59"
642,1,50.259235999999994,10.944214833333335,"2026-01-12 13:22:57"
641,1,50.2592735,10.944039833333333,"2026-01-12 13:22:56"
640,1,50.25929066666666,10.943838333333334,"2026-01-12 13:22:55"
639,1,50.25925983333333,10.9434465,"2026-01-12 13:22:53"
638,1,50.259216833333326,10.943116833333333,"2026-01-12 13:22:51"
637,1,50.259184000000005,10.942753000000002,"2026-01-12 13:22:49"
636,1,50.2591595,10.942558499999999,"2026-01-12 13:22:48"
635,1,50.25911766666666,10.942196000000001,"2026-01-12 13:22:46"
634,1,50.25909933333334,10.942011833333334,"2026-01-12 13:22:45"
633,1,50.259021,10.941643166666665,"2026-01-12 13:22:43"
632,1,50.2589365,10.941271333333335,"2026-01-12 13:22:41"
631,1,50.25885066666667,10.940890666666666,"2026-01-12 13:22:39"
630,1,50.258812166666665,10.940699500000001,"2026-01-12 13:22:38"
629,1,50.258737999999994,10.940319166666665,"2026-01-12 13:22:36"
628,1,50.258669833333336,10.939944666666667,"2026-01-12 13:22:34"
627,1,50.258636666666675,10.939755666666667,"2026-01-12 13:22:33"
626,1,50.25856716666667,10.939373666666665,"2026-01-12 13:22:31"
625,1,50.258510333333334,10.938989,"2026-01-12 13:22:29"
624,1,50.25849133333333,10.938800666666669,"2026-01-12 13:22:28"
623,1,50.258473,10.938613666666667,"2026-01-12 13:22:27"
622,1,50.25843799999999,10.938260333333336,"2026-01-12 13:22:25"
621,1,50.25841083333333,10.937916499999998,"2026-01-12 13:22:23"
620,1,50.258399499999996,10.937744833333333,"2026-01-12 13:22:22"
619,1,50.25838116666667,10.937411333333333,"2026-01-12 13:22:20"
618,1,50.25836016666667,10.937081000000001,"2026-01-12 13:22:18"
617,1,50.25835166666668,10.936915333333332,"2026-01-12 13:22:17"
616,1,50.25834383333333,10.936750333333334,"2026-01-12 13:22:16"
615,1,50.2583365,10.936585666666668,"2026-01-12 13:22:15"
614,1,50.258318833333334,10.936253166666665,"2026-01-12 13:22:13"
613,1,50.25829716666667,10.935921166666667,"2026-01-12 13:22:11"
612,1,50.2582805,10.935591333333331,"2026-01-12 13:22:09"
611,1,50.25826683333333,10.935266666666667,"2026-01-12 13:22:07"
610,1,50.258276666666674,10.934958166666668,"2026-01-12 13:22:05"
609,1,50.2582685,10.934813499999999,"2026-01-12 13:22:04"
608,1,50.25824850000001,10.934516499999999,"2026-01-12 13:22:02"
607,1,50.2582365,10.934374333333334,"2026-01-12 13:22:01"
606,1,50.25820283333334,10.934133333333333,"2026-01-12 13:21:59"
605,1,50.258162999999996,10.933905833333332,"2026-01-12 13:21:57"
604,1,50.258141333333334,10.933813333333335,"2026-01-12 13:21:56"
603,1,50.25812299999999,10.933722666666664,"2026-01-12 13:21:55"
602,1,50.258081999999995,10.933596166666666,"2026-01-12 13:21:53"
601,1,50.258053999999994,10.9335045,"2026-01-12 13:21:51"
600,1,50.25804083333334,10.933474833333332,"2026-01-12 13:21:49"
599,1,50.258041166666665,10.933473666666664,"2026-01-12 13:21:48"
598,1,50.258040666666666,10.933465666666667,"2026-01-12 13:21:46"
597,1,50.2580345,10.933448833333333,"2026-01-12 13:21:45"
596,1,50.25800649999999,10.933362333333331,"2026-01-12 13:21:43"
595,1,50.257989333333335,10.933278833333334,"2026-01-12 13:21:42"
594,1,50.25794316666667,10.933051666666666,"2026-01-12 13:21:40"
593,1,50.25788566666667,10.932796666666665,"2026-01-12 13:21:38"
592,1,50.257859666666675,10.932671333333333,"2026-01-12 13:21:37"
591,1,50.25784183333334,10.9324265,"2026-01-12 13:21:35"
590,1,50.25784783333334,10.932309000000002,"2026-01-12 13:21:34"
589,1,50.257848333333335,10.932059166666667,"2026-01-12 13:21:32"
588,1,50.25784466666667,10.931796166666667,"2026-01-12 13:21:30"
587,1,50.25783733333333,10.931665166666669,"2026-01-12 13:21:29"
586,1,50.25782783333334,10.931533666666667,"2026-01-12 13:21:28"
585,1,50.25780083333334,10.931276166666665,"2026-01-12 13:21:26"
584,1,50.257786,10.931149000000001,"2026-01-12 13:21:25"
583,1,50.25774,10.930909833333333,"2026-01-12 13:21:23"
582,1,50.25768500000001,10.930674500000002,"2026-01-12 13:21:21"
581,1,50.25766216666666,10.930556000000001,"2026-01-12 13:21:20"
580,1,50.25761850000001,10.930327499999999,"2026-01-12 13:21:18"
579,1,50.2575975,10.930216,"2026-01-12 13:21:17"
578,1,50.257580833333336,10.930097333333332,"2026-01-12 13:21:16"
577,1,50.257560833333336,10.929987000000002,"2026-01-12 13:21:15"
576,1,50.25751333333333,10.9297895,"2026-01-12 13:21:13"
575,1,50.257487000000005,10.929702,"2026-01-12 13:21:12"
574,1,50.25746633333333,10.929618333333334,"2026-01-12 13:21:11"
573,1,50.2573775,10.929522833333332,"2026-01-12 13:21:09"
572,1,50.257246833333326,10.929463666666667,"2026-01-12 13:21:07"
571,1,50.25718083333333,10.929447666666666,"2026-01-12 13:21:06"
570,1,50.25709266666666,10.929416166666666,"2026-01-12 13:21:05"
569,1,50.25690216666667,10.929349833333333,"2026-01-12 13:21:03"
568,1,50.25680049999999,10.929317833333334,"2026-01-12 13:21:02"
567,1,50.25661166666667,10.929231166666666,"2026-01-12 13:21:00"
566,1,50.256513,10.929172333333334,"2026-01-12 13:20:59"
565,1,50.25636216666667,10.929022166666668,"2026-01-12 13:20:57"
564,1,50.25621683333334,10.928830333333334,"2026-01-12 13:20:55"
563,1,50.25609966666666,10.928599666666665,"2026-01-12 13:20:53"
562,1,50.25604499999999,10.928478666666669,"2026-01-12 13:20:52"
561,1,50.25599166666666,10.928355,"2026-01-12 13:20:51"
560,1,50.25589616666666,10.928129666666667,"2026-01-12 13:20:49"
559,1,50.25585116666666,10.928015333333333,"2026-01-12 13:20:48"
558,1,50.255750500000005,10.927768666666669,"2026-01-12 13:20:46"
557,1,50.25558933333333,10.9274005,"2026-01-12 13:20:43"
556,1,50.255483166666664,10.927153833333334,"2026-01-12 13:20:41"
555,1,50.255426166666666,10.927036333333335,"2026-01-12 13:20:40"
554,1,50.2553705,10.926923500000003,"2026-01-12 13:20:39"
553,1,50.255260833333324,10.926737833333334,"2026-01-12 13:20:37"
552,1,50.25520233333334,10.9266555,"2026-01-12 13:20:36"
551,1,50.25514066666666,10.926559999999998,"2026-01-12 13:20:35"
550,1,50.25499833333333,10.926414499999998,"2026-01-12 13:20:33"
549,1,50.254872999999996,10.926283000000002,"2026-01-12 13:20:31"
548,1,50.25474883333333,10.926165,"2026-01-12 13:20:29"
547,1,50.254636,10.926049166666667,"2026-01-12 13:20:27"
546,1,50.2544985,10.925928166666665,"2026-01-12 13:20:25"
545,1,50.25437350000001,10.925816666666666,"2026-01-12 13:20:23"
544,1,50.2542495,10.925706833333333,"2026-01-12 13:20:21"
543,1,50.25418366666666,10.925651333333333,"2026-01-12 13:20:20"
542,1,50.25403549999999,10.925557833333334,"2026-01-12 13:20:18"
541,1,50.253956833333326,10.925518166666667,"2026-01-12 13:20:17"
540,1,50.2538025,10.925441000000001,"2026-01-12 13:20:15"
539,1,50.25364666666666,10.925390999999998,"2026-01-12 13:20:13"
538,1,50.25348399999999,10.925368833333334,"2026-01-12 13:20:11"
537,1,50.25331766666667,10.925353666666668,"2026-01-12 13:20:09"
536,1,50.253139833333336,10.925332500000001,"2026-01-12 13:20:07"
535,1,50.25294483333334,10.925316166666668,"2026-01-12 13:20:05"
534,1,50.25275533333333,10.925346166666667,"2026-01-12 13:20:03"
533,1,50.25259583333333,10.925417166666668,"2026-01-12 13:20:01"
532,1,50.25244383333334,10.925517666666668,"2026-01-12 13:19:59"
531,1,50.25237066666667,10.9255705,"2026-01-12 13:19:58"
530,1,50.25228383333333,10.925612000000001,"2026-01-12 13:19:57"
529,1,50.25220566666667,10.925636999999998,"2026-01-12 13:19:56"
528,1,50.2520665,10.925614333333332,"2026-01-12 13:19:54"
527,1,50.251924666666675,10.925561666666665,"2026-01-12 13:19:52"
526,1,50.25181916666667,10.925490166666668,"2026-01-12 13:19:50"
525,1,50.25169616666667,10.925392666666669,"2026-01-12 13:19:47"
524,1,50.251650000000005,10.925379166666668,"2026-01-12 13:19:46"
523,1,50.25158483333333,10.9253605,"2026-01-12 13:19:45"
522,1,50.251413333333325,10.925287500000001,"2026-01-12 13:19:43"
521,1,50.25123566666666,10.925289999999999,"2026-01-12 13:19:41"
520,1,50.25115383333333,10.925317333333332,"2026-01-12 13:19:40"
519,1,50.25106816666666,10.925345,"2026-01-12 13:19:39"
518,1,50.250897,10.925397833333333,"2026-01-12 13:19:37"
517,1,50.25072733333333,10.925359666666669,"2026-01-12 13:19:35"
516,1,50.25056366666666,10.925307666666667,"2026-01-12 13:19:33"
515,1,50.25038500000001,10.9252825,"2026-01-12 13:19:31"
514,1,50.2502915,10.925259333333335,"2026-01-12 13:19:30"
513,1,50.25019916666667,10.925233666666667,"2026-01-12 13:19:29"
512,1,50.25010233333334,10.925201499999998,"2026-01-12 13:19:28"
511,1,50.24989116666667,10.925128500000001,"2026-01-12 13:19:26"
510,1,50.24967866666666,10.925061333333334,"2026-01-12 13:19:24"
509,1,50.24945983333334,10.924983333333333,"2026-01-12 13:19:22"
508,1,50.24924583333333,10.924901833333335,"2026-01-12 13:19:20"
507,1,50.24902766666667,10.924800000000001,"2026-01-12 13:19:18"
506,1,50.24891349999999,10.924746833333332,"2026-01-12 13:19:17"
505,1,50.24868333333334,10.924634333333332,"2026-01-12 13:19:15"
504,1,50.24840916666667,10.92448133333333,"2026-01-12 13:19:13"
503,1,50.24814116666666,10.924334666666669,"2026-01-12 13:19:11"
502,1,50.24800216666666,10.924255666666665,"2026-01-12 13:19:10"
501,1,50.247860499999994,10.924172833333333,"2026-01-12 13:19:09"
500,1,50.24758383333333,10.924002833333335,"2026-01-12 13:19:07"
499,1,50.24730366666666,10.923843499999998,"2026-01-12 13:19:05"
498,1,50.247022833333325,10.923709666666666,"2026-01-12 13:19:03"
497,1,50.24688549999999,10.923651166666666,"2026-01-12 13:19:02"
496,1,50.24674816666667,10.923602166666667,"2026-01-12 13:19:01"
495,1,50.24644416666667,10.923534166666665,"2026-01-12 13:18:59"
494,1,50.24613433333334,10.923498333333335,"2026-01-12 13:18:57"
493,1,50.24583616666667,10.923533333333333,"2026-01-12 13:18:55"
492,1,50.245530499999994,10.923590333333333,"2026-01-12 13:18:53"
491,1,50.24537683333333,10.923628333333333,"2026-01-12 13:18:52"
490,1,50.24522650000001,10.923668166666667,"2026-01-12 13:18:51"
489,1,50.24492166666667,10.9237425,"2026-01-12 13:18:49"
488,1,50.2446345,10.923844333333333,"2026-01-12 13:18:47"
487,1,50.244348666666674,10.924011666666669,"2026-01-12 13:18:45"
486,1,50.24407483333333,10.924228833333332,"2026-01-12 13:18:43"
485,1,50.24393799999999,10.924339999999999,"2026-01-12 13:18:42"
484,1,50.243801500000004,10.924441000000002,"2026-01-12 13:18:41"
483,1,50.24352966666667,10.924607500000002,"2026-01-12 13:18:39"
482,1,50.243226500000006,10.924693833333333,"2026-01-12 13:18:37"
481,1,50.24307783333334,10.924696666666668,"2026-01-12 13:18:36"
480,1,50.24291916666666,10.924668833333332,"2026-01-12 13:18:35"
479,1,50.24262883333334,10.924580333333331,"2026-01-12 13:18:33"
478,1,50.242471333333334,10.92450383333333,"2026-01-12 13:18:32"
477,1,50.24215666666667,10.924342333333334,"2026-01-12 13:18:30"
476,1,50.241999166666666,10.924258833333333,"2026-01-12 13:18:29"
475,1,50.24168683333334,10.924093333333333,"2026-01-12 13:18:27"
474,1,50.241367499999996,10.923928333333333,"2026-01-12 13:18:25"
473,1,50.24104366666667,10.923760499999998,"2026-01-12 13:18:23"
472,1,50.240885666666664,10.923680666666666,"2026-01-12 13:18:22"
471,1,50.24057266666667,10.923520833333335,"2026-01-12 13:18:20"
470,1,50.240271,10.923371999999999,"2026-01-12 13:18:18"
469,1,50.240125000000006,10.923298333333332,"2026-01-12 13:18:17"
468,1,50.23982416666666,10.923143000000001,"2026-01-12 13:18:15"
467,1,50.23952766666666,10.922984166666668,"2026-01-12 13:18:13"
466,1,50.23926516666667,10.922799166666668,"2026-01-12 13:18:11"
465,1,50.23904566666667,10.9225655,"2026-01-12 13:18:09"
464,1,50.23892166666666,10.922426833333335,"2026-01-12 13:18:08"
463,1,50.23876083333333,10.922129666666669,"2026-01-12 13:18:06"
462,1,50.23864149999999,10.921810333333333,"2026-01-12 13:18:04"
461,1,50.238532500000005,10.921487166666669,"2026-01-12 13:18:02"
460,1,50.238479000000005,10.921323333333332,"2026-01-12 13:18:01"
459,1,50.23836616666667,10.920994,"2026-01-12 13:17:59"
458,1,50.23824133333333,10.920698666666665,"2026-01-12 13:17:57"
457,1,50.23809133333332,10.920422666666665,"2026-01-12 13:17:55"
456,1,50.23793116666668,10.920172500000001,"2026-01-12 13:17:53"
455,1,50.237762999999994,10.919947666666667,"2026-01-12 13:17:51"
454,1,50.23759283333334,10.919718499999998,"2026-01-12 13:17:49"
453,1,50.23750716666667,10.919601666666665,"2026-01-12 13:17:48"
452,1,50.23734433333334,10.919378833333333,"2026-01-12 13:17:46"
451,1,50.23727233333334,10.919264166666668,"2026-01-12 13:17:45"
450,1,50.23708366666666,10.919048333333334,"2026-01-12 13:17:43"
449,1,50.2369755,10.918985999999999,"2026-01-12 13:17:42"
448,1,50.23687566666668,10.918962833333334,"2026-01-12 13:17:41"
447,1,50.236793166666665,10.918964333333333,"2026-01-12 13:17:40"
446,1,50.2366385,10.918994999999999,"2026-01-12 13:17:38"
445,1,50.23648433333333,10.919074666666665,"2026-01-12 13:17:36"
444,1,50.23640783333334,10.919111500000001,"2026-01-12 13:17:35"
443,1,50.23623883333333,10.919168166666669,"2026-01-12 13:17:33"
442,1,50.23610216666666,10.919217833333335,"2026-01-12 13:17:31"
441,1,50.23594666666666,10.919224166666668,"2026-01-12 13:17:29"
440,1,50.23588516666667,10.919178833333335,"2026-01-12 13:17:27"
439,1,50.23583966666667,10.919141999999999,"2026-01-12 13:17:26"
438,1,50.23583133333333,10.919107666666665,"2026-01-12 13:17:25"
437,1,50.2358255,10.919054833333332,"2026-01-12 13:17:23"
436,1,50.23582566666667,10.919036833333333,"2026-01-12 13:17:22"
435,1,50.235834833333335,10.918980166666666,"2026-01-12 13:17:20"
434,1,50.23586400000001,10.918936166666667,"2026-01-12 13:17:19"
433,1,50.235890166666664,10.918910333333335,"2026-01-12 13:17:18"
432,1,50.23590983333334,10.918889333333334,"2026-01-12 13:17:17"
431,1,50.23595066666667,10.918872833333333,"2026-01-12 13:17:15"
430,1,50.235968500000006,10.918879833333335,"2026-01-12 13:17:14"
429,1,50.23597483333333,10.918883999999998,"2026-01-12 13:17:13"
428,1,50.23599816666667,10.918890500000002,"2026-01-12 13:17:11"
427,1,50.235998,10.918887500000002,"2026-01-12 13:17:10"
426,1,50.23600483333333,10.918862333333333,"2026-01-12 13:17:08"
425,1,50.23600716666667,10.918848833333334,"2026-01-12 13:17:07"
424,1,50.236015333333334,10.918828666666665,"2026-01-12 13:17:05"
423,1,50.236035333333334,10.918792666666665,"2026-01-12 13:17:03"
422,1,50.23605216666667,10.918768833333335,"2026-01-12 13:17:01"
421,1,50.23605183333334,10.918759666666665,"2026-01-12 13:17:00"
420,1,50.236052333333326,10.918759499999998,"2026-01-12 13:16:59"
419,1,50.23605299999999,10.918761833333333,"2026-01-12 13:16:57"
418,1,50.23605716666666,10.918764500000002,"2026-01-12 13:16:55"
417,1,50.23605766666666,10.918765833333335,"2026-01-12 13:16:54"
416,1,50.236059833333336,10.918768333333333,"2026-01-12 13:16:53"
415,1,50.236058166666666,10.918762166666665,"2026-01-12 13:16:51"
414,1,50.236055500000006,10.918754000000002,"2026-01-12 13:16:49"
413,1,50.23605766666666,10.918758500000001,"2026-01-12 13:16:47"
412,1,50.236056833333336,10.918755666666668,"2026-01-12 13:16:46"
411,1,50.23605466666666,10.918751333333335,"2026-01-12 13:16:43"
410,1,50.2360505,10.918747166666666,"2026-01-12 13:16:41"
409,1,50.23604916666667,10.918747666666665,"2026-01-12 13:16:40"
408,1,50.23604766666667,10.918747166666666,"2026-01-12 13:16:38"
407,1,50.23604399999999,10.918745666666666,"2026-01-12 13:16:37"
406,1,50.236034999999994,10.918742166666668,"2026-01-12 13:16:35"
405,1,50.236032666666674,10.918742333333334,"2026-01-12 13:16:33"
404,1,50.236025000000005,10.918737333333334,"2026-01-12 13:16:31"
403,1,50.236023333333335,10.918738166666666,"2026-01-12 13:16:29"
402,1,50.236021,10.918738,"2026-01-12 13:16:28"
401,1,50.23601133333333,10.918736166666667,"2026-01-12 13:16:26"
400,1,50.23601166666667,10.918740666666668,"2026-01-12 13:16:24"
399,1,50.23600799999999,10.918740333333336,"2026-01-12 13:16:23"
398,1,50.23599916666667,10.918738499999998,"2026-01-12 13:16:21"
397,1,50.23599916666667,10.918741666666666,"2026-01-12 13:16:20"
396,1,50.23599899999999,10.918744,"2026-01-12 13:16:19"
395,1,50.23599266666667,10.918745999999999,"2026-01-12 13:16:17"
394,1,50.23599283333333,10.918748666666666,"2026-01-12 13:16:15"
393,1,50.23598066666667,10.918745999999999,"2026-01-12 13:16:14"
392,1,50.23597766666667,10.918746833333334,"2026-01-12 13:16:13"
391,1,50.23597683333334,10.918749333333334,"2026-01-12 13:16:11"
390,1,50.235968333333325,10.918746166666665,"2026-01-12 13:16:09"
389,1,50.235962666666666,10.918742666666667,"2026-01-12 13:16:08"
388,1,50.235971333333325,10.918752833333334,"2026-01-12 13:16:06"
387,1,50.235963999999996,10.918751333333335,"2026-01-12 13:16:05"
386,1,50.23594783333333,10.918751000000002,"2026-01-12 13:16:03"
385,1,50.23593733333334,10.918750499999998,"2026-01-12 13:16:01"
384,1,50.23581433333334,10.91889,"2026-01-12 13:15:29"
383,1,50.23575116666666,10.918900333333333,"2026-01-12 13:15:28"
382,1,50.23567533333333,10.918939,"2026-01-12 13:15:26"
381,1,50.23588816666667,10.919154833333334,"2026-01-12 13:15:15"
380,1,50.23599066666667,10.919181833333335,"2026-01-12 13:15:13"
379,1,50.23614516666667,10.919174166666668,"2026-01-12 13:15:11"
378,1,50.236241166666666,10.9191375,"2026-01-12 13:15:10"
377,1,50.23644183333334,10.919009,"2026-01-12 13:15:08"
376,1,50.236713666666674,10.918874333333333,"2026-01-12 13:15:05"
375,1,50.236898999999994,10.918927666666665,"2026-01-12 13:15:03"
374,1,50.23699233333333,10.918985333333334,"2026-01-12 13:15:02"
373,1,50.2370825,10.919066333333335,"2026-01-12 13:15:01"
372,1,50.23726883333334,10.919278,"2026-01-12 13:14:59"
371,1,50.23736516666666,10.919393333333336,"2026-01-12 13:14:58"
370,1,50.23765033333334,10.919746166666668,"2026-01-12 13:14:55"
369,1,50.23784483333334,10.919985833333332,"2026-01-12 13:14:53"
368,1,50.238031,10.920230666666665,"2026-01-12 13:14:51"
367,1,50.23819533333334,10.920508,"2026-01-12 13:14:49"
366,1,50.23833466666667,10.920841,"2026-01-12 13:14:47"
365,1,50.238458333333334,10.921196666666667,"2026-01-12 13:14:45"
364,1,50.238526333333326,10.921372666666665,"2026-01-12 13:14:44"
363,1,50.23859316666667,10.921562333333334,"2026-01-12 13:14:43"
362,1,50.23872616666666,10.921966999999999,"2026-01-12 13:14:41"
361,1,50.2389005,10.922343999999999,"2026-01-12 13:14:39"
360,1,50.239025833333336,10.922505166666667,"2026-01-12 13:14:38"
359,1,50.23929516666667,10.922794833333334,"2026-01-12 13:14:36"
358,1,50.239442499999996,10.922905666666669,"2026-01-12 13:14:35"
357,1,50.239752333333335,10.923093666666666,"2026-01-12 13:14:33"
356,1,50.240080999999996,10.923262333333332,"2026-01-12 13:14:31"
355,1,50.24024533333333,10.923345500000002,"2026-01-12 13:14:30"
354,1,50.24056416666667,10.923524333333335,"2026-01-12 13:14:28"
353,1,50.240885666666664,10.923689833333333,"2026-01-12 13:14:26"
352,1,50.24120316666667,10.923850166666666,"2026-01-12 13:14:24"
351,1,50.24135966666666,10.923923166666668,"2026-01-12 13:14:23"
350,1,50.24151700000001,10.9239975,"2026-01-12 13:14:22"
349,1,50.24167716666666,10.924073166666668,"2026-01-12 13:14:21"
348,1,50.2419985,10.924226333333335,"2026-01-12 13:14:19"
347,1,50.24230966666667,10.924372833333333,"2026-01-12 13:14:17"
346,1,50.242619166666664,10.924507333333334,"2026-01-12 13:14:15"
345,1,50.242909499999996,10.924629833333332,"2026-01-12 13:14:13"
344,1,50.24318433333333,10.924699666666667,"2026-01-12 13:14:11"
343,1,50.24345383333333,10.924664833333335,"2026-01-12 13:14:09"
342,1,50.24371133333334,10.924525000000001,"2026-01-12 13:14:07"
341,1,50.24383566666667,10.924424833333335,"2026-01-12 13:14:06"
340,1,50.24408083333333,10.924193166666665,"2026-01-12 13:14:04"
339,1,50.24420933333334,10.924084833333332,"2026-01-12 13:14:03"
338,1,50.24434566666667,10.923973666666665,"2026-01-12 13:14:02"
337,1,50.2446355,10.923805,"2026-01-12 13:14:00"
336,1,50.244791166666666,10.923747166666665,"2026-01-12 13:13:59"
335,1,50.245122333333335,10.9236505,"2026-01-12 13:13:57"
334,1,50.2454645,10.923567333333335,"2026-01-12 13:13:55"
333,1,50.24580716666666,10.923493833333335,"2026-01-12 13:13:53"
332,1,50.24614916666666,10.923451499999999,"2026-01-12 13:13:51"
331,1,50.24631866666667,10.923460333333333,"2026-01-12 13:13:50"
330,1,50.24664550000001,10.923507333333335,"2026-01-12 13:13:48"
329,1,50.24681483333334,10.923560000000002,"2026-01-12 13:13:47"
328,1,50.247131833333334,10.923715666666665,"2026-01-12 13:13:45"
327,1,50.247449,10.923904999999998,"2026-01-12 13:13:43"
326,1,50.247616333333326,10.923997166666668,"2026-01-12 13:13:42"
325,1,50.2477685,10.924092499999999,"2026-01-12 13:13:41"
324,1,50.248080333333334,10.924291833333333,"2026-01-12 13:13:39"
323,1,50.248392333333335,10.924466166666665,"2026-01-12 13:13:37"
322,1,50.24869233333334,10.924622833333334,"2026-01-12 13:13:35"
321,1,50.24883966666666,10.924695333333334,"2026-01-12 13:13:34"
320,1,50.2648555,10.952500833333334,"2026-01-10 01:36:14"
319,1,50.26485416666666,10.952503666666667,"2026-01-10 01:36:13"
318,1,50.264851666666665,10.952509166666667,"2026-01-10 01:36:11"
317,1,50.264848666666666,10.952512666666667,"2026-01-10 01:36:09"
316,1,50.26484833333334,10.952518000000001,"2026-01-10 01:36:08"
315,1,50.26484666666667,10.952526,"2026-01-10 01:36:06"
314,1,50.264846500000004,10.952532166666666,"2026-01-10 01:36:05"
313,1,50.264845833333325,10.952546500000002,"2026-01-10 01:36:03"
312,1,50.264844499999995,10.952557500000001,"2026-01-10 01:36:01"
311,1,50.26484533333334,10.952565166666666,"2026-01-10 01:36:00"
310,1,50.264846500000004,10.952573166666665,"2026-01-10 01:35:59"
309,1,50.26484533333334,10.952578666666666,"2026-01-10 01:35:57"
308,1,50.264845,10.952583333333333,"2026-01-10 01:35:56"
307,1,50.26484516666666,10.952591166666666,"2026-01-10 01:35:54"
306,1,50.26484233333334,10.952589666666665,"2026-01-10 01:35:52"
305,1,50.26483116666667,10.952472499999999,"2026-01-10 01:35:10"
304,1,50.26483016666666,10.952462666666667,"2026-01-10 01:35:08"
303,1,50.26487783333334,10.952482166666668,"2026-01-10 01:34:15"
302,1,50.2648785,10.952468500000002,"2026-01-10 01:34:11"
301,1,50.264879,10.952467166666668,"2026-01-10 01:34:10"
300,1,50.26487866666666,10.952463499999999,"2026-01-10 01:34:09"
299,1,50.26487866666666,10.9524535,"2026-01-10 01:34:07"
298,1,50.264889,10.9525245,"2026-01-10 01:33:27"
297,1,50.26488733333334,10.952532166666666,"2026-01-10 01:33:25"
296,1,50.26488583333333,10.952547333333333,"2026-01-10 01:33:22"
295,1,50.26488466666667,10.952552166666665,"2026-01-10 01:33:21"
294,1,50.26488166666666,10.952554999999998,"2026-01-10 01:33:19"
293,1,50.26488116666666,10.952542166666667,"2026-01-10 01:33:17"
292,1,50.264879333333326,10.9525395,"2026-01-10 01:33:14"
291,1,50.26487916666667,10.9525335,"2026-01-10 01:33:12"
290,1,50.264878333333336,10.952526833333332,"2026-01-10 01:33:11"
289,1,50.26487716666667,10.952518999999999,"2026-01-10 01:33:09"
288,1,50.264875333333336,10.952517166666667,"2026-01-10 01:33:07"
287,1,50.26487433333333,10.952519333333331,"2026-01-10 01:33:05"
286,1,50.26487416666667,10.952523333333334,"2026-01-10 01:33:03"
285,1,50.26487316666667,10.952525833333334,"2026-01-10 01:33:01"
284,1,50.26487266666666,10.952527666666667,"2026-01-10 01:33:00"
283,1,50.26487016666667,10.952527833333333,"2026-01-10 01:32:58"
282,1,50.264872,10.952533833333332,"2026-01-10 01:32:57"
281,1,50.2648715,10.952545500000001,"2026-01-10 01:32:55"
280,1,50.26487016666667,10.952548666666667,"2026-01-10 01:32:53"
279,1,50.26486799999999,10.952550166666667,"2026-01-10 01:32:51"
278,1,50.264864,10.952529333333333,"2026-01-10 01:32:43"
277,1,50.26486150000001,10.952517166666667,"2026-01-10 01:32:41"
276,1,50.26486033333334,10.952503333333334,"2026-01-10 01:32:39"
275,1,50.2648485,10.952440666666666,"2026-01-10 01:31:29"
274,1,50.264849166666664,10.952452666666666,"2026-01-10 01:31:27"
273,1,50.264850833333334,10.952464,"2026-01-10 01:31:25"
272,1,50.264852999999995,10.952470333333334,"2026-01-10 01:31:23"
271,1,50.2648545,10.952473833333332,"2026-01-10 01:31:22"
270,1,50.264852000000005,10.952466,"2026-01-10 01:31:21"
269,1,50.264852999999995,10.952462833333334,"2026-01-10 01:31:19"
268,1,50.264853666666674,10.952458666666667,"2026-01-10 01:31:18"
267,1,50.264851,10.952437666666667,"2026-01-10 01:31:16"
266,1,50.26485116666666,10.952413833333333,"2026-01-10 01:31:14"
265,1,50.26484966666667,10.952386666666666,"2026-01-10 01:31:12"
264,1,50.264849500000004,10.952366333333336,"2026-01-10 01:31:10"
263,1,50.264850499999994,10.952358833333335,"2026-01-10 01:31:09"
262,1,50.26485133333334,10.952353833333332,"2026-01-10 01:31:08"
261,1,50.26485016666667,10.952332333333334,"2026-01-10 01:31:06"
260,1,50.264851,10.952329999999998,"2026-01-10 01:31:05"
259,1,50.26485383333333,10.952334166666667,"2026-01-10 01:31:03"
258,1,50.26493383333333,10.952608999999999,"2026-01-10 01:13:27"
257,1,50.26493683333333,10.952605333333334,"2026-01-10 01:13:25"
256,1,50.2649385,10.95260183333333,"2026-01-10 01:13:23"
255,1,50.264940666666675,10.952596999999999,"2026-01-10 01:13:21"
254,1,50.2649415,10.9525935,"2026-01-10 01:13:20"
253,1,50.264944,10.952585666666668,"2026-01-10 01:13:18"
252,1,50.264945999999995,10.952581000000002,"2026-01-10 01:13:17"
251,1,50.26494850000001,10.95257,"2026-01-10 01:13:15"
250,1,50.26495,10.952564833333334,"2026-01-10 01:13:14"
249,1,50.26495366666666,10.952556166666666,"2026-01-10 01:13:12"
248,1,50.26495799999999,10.952551833333333,"2026-01-10 01:13:10"
247,1,50.26496033333333,10.9525475,"2026-01-10 01:13:09"
246,1,50.26496416666667,10.952539000000002,"2026-01-10 01:13:07"
245,1,50.264966,10.952536166666668,"2026-01-10 01:13:06"
244,1,50.26496733333333,10.952532666666665,"2026-01-10 01:13:05"
243,1,50.26497133333334,10.952529333333333,"2026-01-10 01:13:03"
242,1,50.26497366666668,10.952521,"2026-01-10 01:13:01"
241,1,50.26497500000001,10.952519666666667,"2026-01-10 01:13:00"
240,1,50.26497500000001,10.952510333333331,"2026-01-10 01:12:58"
239,1,50.26497433333334,10.952506000000001,"2026-01-10 01:12:57"
238,1,50.26497466666667,10.952502333333333,"2026-01-10 01:12:56"
237,1,50.264975166666666,10.952496166666666,"2026-01-10 01:12:54"
236,1,50.264973833333336,10.952495166666665,"2026-01-10 01:12:52"
235,1,50.26497216666667,10.952503666666667,"2026-01-10 01:12:51"
234,1,50.264972333333326,10.952495500000001,"2026-01-10 01:12:49"
233,1,50.26497283333333,10.952487166666666,"2026-01-10 01:12:48"
232,1,50.264973499999996,10.952473666666666,"2026-01-10 01:12:47"
231,1,50.26497316666667,10.952471333333335,"2026-01-10 01:12:45"
230,1,50.26497283333333,10.952467833333333,"2026-01-10 01:12:43"
229,1,50.264972500000006,10.952466,"2026-01-10 01:12:42"
228,1,50.26497183333333,10.952464166666667,"2026-01-10 01:12:40"
227,1,50.264969666666666,10.952470333333334,"2026-01-10 01:12:39"
226,1,50.264969,10.952471666666668,"2026-01-10 01:12:38"
225,1,50.26496766666667,10.952475166666666,"2026-01-10 01:12:36"
224,1,50.26496566666666,10.952482833333333,"2026-01-10 01:12:34"
223,1,50.26496416666667,10.952491333333334,"2026-01-10 01:12:33"
222,1,50.26496366666667,10.952491833333333,"2026-01-10 01:12:31"
221,1,50.26496350000001,10.952492166666666,"2026-01-10 01:12:29"
220,1,50.26496216666666,10.952496333333333,"2026-01-10 01:12:27"
219,1,50.26496216666666,10.952495833333334,"2026-01-10 01:12:25"
218,1,50.264962,10.952494999999999,"2026-01-10 01:12:24"
217,1,50.2649625,10.9524915,"2026-01-10 01:12:23"
216,1,50.26496216666666,10.952493666666665,"2026-01-10 01:12:22"
215,1,50.26496016666667,10.952505166666667,"2026-01-10 01:12:19"
214,1,50.2649585,10.952511333333332,"2026-01-10 01:12:17"
213,1,50.264957833333334,10.952513166666666,"2026-01-10 01:12:16"
212,1,50.2649555,10.952520333333332,"2026-01-10 01:12:14"
211,1,50.26495450000001,10.9525245,"2026-01-10 01:12:13"
210,1,50.26495233333333,10.9525335,"2026-01-10 01:12:11"
209,1,50.26495133333333,10.952538666666666,"2026-01-10 01:12:09"
208,1,50.26495033333334,10.952544499999998,"2026-01-10 01:12:07"
207,1,50.26494983333334,10.952546166666666,"2026-01-10 01:12:06"
206,1,50.264949333333334,10.952550333333333,"2026-01-10 01:12:04"
205,1,50.264949333333334,10.952551000000001,"2026-01-10 01:12:03"
204,1,50.26494983333334,10.952548666666667,"2026-01-10 01:12:01"
203,1,50.26494983333334,10.952549166666666,"2026-01-10 01:12:00"
202,1,50.26494966666667,10.952554000000001,"2026-01-10 01:11:58"
201,1,50.26495033333334,10.952553833333331,"2026-01-10 01:11:57"
200,1,50.264949166666675,10.952563999999999,"2026-01-10 01:11:55"
199,1,50.26494833333333,10.952572000000002,"2026-01-10 01:11:53"
198,1,50.26495133333333,10.952552333333331,"2026-01-10 01:11:51"
197,1,50.26495033333334,10.952559833333332,"2026-01-10 01:11:49"
196,1,50.264952166666674,10.952566000000001,"2026-01-10 01:11:47"
195,1,50.26494266666667,10.952571666666666,"2026-01-10 01:11:45"
194,1,50.264942999999995,10.952580666666666,"2026-01-10 01:11:42"
193,1,50.26494416666666,10.952580333333334,"2026-01-10 01:11:41"
192,1,50.264943666666674,10.952583166666667,"2026-01-10 01:11:40"
191,1,50.26494316666667,10.952589166666666,"2026-01-10 01:11:38"
190,1,50.264942999999995,10.952592000000001,"2026-01-10 01:11:37"
189,1,50.264942500000004,10.952596833333333,"2026-01-10 01:11:35"
188,1,50.26494233333333,10.952599999999999,"2026-01-10 01:11:34"
187,1,50.264942166666664,10.952603,"2026-01-10 01:11:33"
186,1,50.264941666666665,10.952609333333331,"2026-01-10 01:11:31"
185,1,50.264941666666665,10.952610833333331,"2026-01-10 01:11:30"
184,1,50.26494233333333,10.952609666666667,"2026-01-10 01:11:29"
183,1,50.264943499999994,10.952608666666666,"2026-01-10 01:11:27"
182,1,50.26494566666667,10.952605000000002,"2026-01-10 01:11:25"
181,1,50.26494716666666,10.952605000000002,"2026-01-10 01:11:23"
180,1,50.264949333333334,10.952602500000001,"2026-01-10 01:11:21"
179,1,50.26494966666667,10.952605000000002,"2026-01-10 01:11:20"
178,1,50.26495016666666,10.952607,"2026-01-10 01:11:19"
177,1,50.26495,10.952612500000003,"2026-01-10 01:11:18"
176,1,50.26495016666666,10.952617833333333,"2026-01-10 01:11:17"
175,1,50.264951,10.952622499999999,"2026-01-10 01:11:15"
174,1,50.264951833333335,10.952626000000002,"2026-01-10 01:11:13"
173,1,50.264951999999994,10.952632000000001,"2026-01-10 01:11:11"
172,1,50.264953166666665,10.952629666666667,"2026-01-10 01:11:09"
171,1,50.264953166666665,10.952633666666667,"2026-01-10 01:11:08"
170,1,50.26495283333334,10.952643499999999,"2026-01-10 01:11:06"
169,1,50.264954,10.9526405,"2026-01-10 01:11:04"
168,1,50.26495466666667,10.952639666666668,"2026-01-10 01:11:03"
167,1,50.2649555,10.952638333333335,"2026-01-10 01:11:01"
166,1,50.26495583333334,10.952645666666667,"2026-01-10 01:10:59"
165,1,50.2649555,10.952653000000002,"2026-01-10 01:10:58"
164,1,50.264957,10.952652666666665,"2026-01-10 01:10:56"
163,1,50.26495816666667,10.952652,"2026-01-10 01:10:54"
162,1,50.26496033333333,10.952644666666666,"2026-01-10 01:10:52"
161,1,50.26496433333333,10.952629166666668,"2026-01-10 01:10:50"
160,1,50.26496683333333,10.95262433333333,"2026-01-10 01:10:49"
159,1,50.264966,10.952630333333332,"2026-01-10 01:10:48"
158,1,50.26496650000001,10.952632333333334,"2026-01-10 01:10:46"
157,1,50.26496683333333,10.952636833333335,"2026-01-10 01:10:44"
156,1,50.26496733333333,10.952635666666668,"2026-01-10 01:10:43"
155,1,50.26496583333333,10.952653666666667,"2026-01-10 01:10:42"
154,1,50.264962,10.952688666666665,"2026-01-10 01:10:41"
153,1,50.26495833333333,10.952729833333334,"2026-01-10 01:10:39"
152,1,50.264954,10.952768666666667,"2026-01-10 01:10:37"
151,1,50.26495283333334,10.952780166666665,"2026-01-10 01:10:36"
150,1,50.26495016666666,10.952810166666666,"2026-01-10 01:10:34"
149,1,50.26494866666667,10.952823,"2026-01-10 01:10:33"
148,1,50.26494649999999,10.952829333333334,"2026-01-10 01:10:31"
147,1,50.264946666666674,10.9528205,"2026-01-10 01:10:30"
146,1,50.264944666666665,10.9528175,"2026-01-10 01:10:28"
145,1,50.264943833333334,10.952812833333333,"2026-01-10 01:10:27"
144,1,50.26494416666666,10.952787833333332,"2026-01-10 01:10:25"
143,1,50.2649445,10.952769833333331,"2026-01-10 01:10:23"
142,1,50.2649455,10.952752333333335,"2026-01-10 01:10:22"
141,1,50.26494716666666,10.952726,"2026-01-10 01:10:20"
140,1,50.26494733333334,10.952715166666668,"2026-01-10 01:10:19"
139,1,50.264945166666664,10.952719000000002,"2026-01-10 01:10:17"
138,1,50.2649445,10.952716500000001,"2026-01-10 01:10:16"
137,1,50.264942166666664,10.952711166666665,"2026-01-10 01:10:14"
136,1,50.26493833333334,10.9527195,"2026-01-10 01:10:12"
135,1,50.264936999999996,10.952718166666667,"2026-01-10 01:10:11"
134,1,50.264934,10.952719833333333,"2026-01-10 01:10:09"
133,1,50.2649355,10.952717833333335,"2026-01-10 01:10:08"
132,1,50.264931499999996,10.952714166666665,"2026-01-10 01:10:06"
131,1,50.264932,10.952694000000001,"2026-01-10 01:10:05"
130,1,50.264930166666666,10.952677999999999,"2026-01-10 01:10:03"
129,1,50.26492783333333,10.952662333333334,"2026-01-10 01:10:01"
128,1,50.26492533333333,10.952659166666669,"2026-01-10 01:10:00"
127,1,50.26492216666667,10.952640333333333,"2026-01-10 01:09:58"
126,1,50.26491766666666,10.952627500000002,"2026-01-10 01:09:56"
125,1,50.26491550000001,10.952622833333331,"2026-01-10 01:09:55"
124,1,50.26491316666667,10.952617666666667,"2026-01-10 01:09:54"
123,1,50.264911,10.952610666666665,"2026-01-10 01:09:53"
122,1,50.26490516666666,10.952599166666667,"2026-01-10 01:09:51"
121,1,50.26489783333333,10.952594166666666,"2026-01-10 01:09:49"
120,1,50.26489133333333,10.952589833333331,"2026-01-10 01:09:47"
119,1,50.26487916666667,10.952595666666666,"2026-01-10 01:09:45"
118,1,50.26487116666667,10.952603166666666,"2026-01-10 01:09:44"
117,1,50.2648555,10.952609500000001,"2026-01-10 01:09:42"
116,1,50.264852000000005,10.952603833333335,"2026-01-10 01:09:41"
115,1,50.26483566666668,10.952613333333334,"2026-01-10 01:09:39"
114,1,50.264821166666664,10.952619833333332,"2026-01-10 01:09:37"
113,1,50.264819,10.952609166666665,"2026-01-10 01:09:35"
112,1,50.26482833333333,10.952594333333332,"2026-01-10 01:09:33"
111,1,50.26484033333333,10.952593166666668,"2026-01-10 01:09:31"
110,1,50.264852999999995,10.952591500000002,"2026-01-10 01:09:29"
109,1,50.264864833333334,10.952589666666665,"2026-01-10 01:09:27"
108,1,50.264869,10.952592166666667,"2026-01-10 01:09:25"
107,1,50.26487916666667,10.952598499999999,"2026-01-10 01:09:23"
106,1,50.26488299999999,10.952602500000001,"2026-01-10 01:09:22"
105,1,50.2648845,10.952619499999999,"2026-01-10 01:09:20"
104,1,50.26489016666666,10.952613833333332,"2026-01-10 01:09:18"
103,1,50.2648905,10.952628333333333,"2026-01-10 01:09:17"
102,1,50.26489433333333,10.952633666666667,"2026-01-10 01:09:15"
101,1,50.26490483333334,10.952630500000001,"2026-01-10 01:09:13"
100,1,50.26490866666666,10.952642333333332,"2026-01-10 01:09:11"
99,1,50.264908,10.952639333333332,"2026-01-10 01:09:10"
98,1,50.264907166666674,10.952629000000002,"2026-01-10 01:09:08"
97,1,50.264908,10.952618833333334,"2026-01-10 01:09:07"
96,1,50.2649105,10.952607666666665,"2026-01-10 01:09:05"
95,1,50.26490950000001,10.9526165,"2026-01-10 01:09:03"
94,1,50.26491133333334,10.952602833333334,"2026-01-10 01:09:01"
93,1,50.264912833333334,10.952599666666666,"2026-01-10 01:09:00"
92,1,50.26491566666667,10.952599999999999,"2026-01-10 01:08:58"
91,1,50.26491433333334,10.9526115,"2026-01-10 01:08:56"
90,1,50.26491566666667,10.952611000000001,"2026-01-10 01:08:55"
89,1,50.264923333333336,10.952599166666667,"2026-01-10 01:08:53"
88,1,50.26492933333334,10.952593666666667,"2026-01-10 01:08:51"
87,1,50.264932833333326,10.952593666666667,"2026-01-10 01:08:49"
86,1,50.264939000000005,10.952586166666666,"2026-01-10 01:08:47"
85,1,50.26493816666666,10.952575666666666,"2026-01-10 01:08:45"
84,1,50.26494316666667,10.952553666666665,"2026-01-10 01:08:43"
83,1,50.26494233333333,10.952543666666667,"2026-01-10 01:08:42"
82,1,50.2649445,10.952529166666666,"2026-01-10 01:08:41"
81,1,50.264948000000004,10.952513666666668,"2026-01-10 01:08:38"
80,1,50.2649475,10.952509333333333,"2026-01-10 01:08:37"
79,1,50.2649475,10.952505833333332,"2026-01-10 01:08:36"
78,1,50.264950666666664,10.952498333333331,"2026-01-10 01:08:34"
77,1,50.26494966666667,10.952496666666665,"2026-01-10 01:08:33"
76,1,50.26494616666667,10.9524885,"2026-01-10 01:08:31"
75,1,50.26494783333332,10.952482999999999,"2026-01-10 01:08:30"
74,1,50.264946333333334,10.952479000000002,"2026-01-10 01:08:29"
73,1,50.26494566666667,10.952476,"2026-01-10 01:08:27"
72,1,50.264947,10.952459666666668,"2026-01-10 01:08:25"
71,1,50.264946666666674,10.952456166666666,"2026-01-10 01:08:24"
70,1,50.2649475,10.952446166666668,"2026-01-10 01:08:22"
69,1,50.264949166666675,10.952438333333335,"2026-01-10 01:08:21"
68,1,50.26494850000001,10.952430833333334,"2026-01-10 01:08:20"
67,1,50.26494966666667,10.9524165,"2026-01-10 01:08:18"
66,1,50.264953500000004,10.952389000000002,"2026-01-10 01:08:16"
65,1,50.26495683333333,10.952376666666664,"2026-01-10 01:08:15"
64,1,50.26495766666667,10.952351166666665,"2026-01-10 01:08:13"
63,1,50.26496233333334,10.952325,"2026-01-10 01:08:11"
62,1,50.26496433333333,10.952307166666666,"2026-01-10 01:08:10"
61,1,50.26496716666667,10.952283666666665,"2026-01-10 01:08:09"
60,1,50.26496416666667,10.952279500000001,"2026-01-10 01:08:07"
59,1,50.26496350000001,10.952283166666666,"2026-01-10 01:08:05"
58,1,50.26496416666667,10.952271166666666,"2026-01-10 01:08:04"
57,1,50.264962,10.952278000000002,"2026-01-10 01:08:03"
56,1,50.26495683333333,10.952309333333336,"2026-01-10 01:08:01"
55,1,50.26495283333334,10.952325166666666,"2026-01-10 01:08:00"
54,1,50.26495033333334,10.952331333333332,"2026-01-10 01:07:59"
53,1,50.2649475,10.952340166666666,"2026-01-10 01:07:57"
52,1,50.2649445,10.952341999999998,"2026-01-10 01:07:55"
51,1,50.264940333333335,10.952361666666665,"2026-01-10 01:07:54"
50,1,50.264936000000006,10.952377166666668,"2026-01-10 01:07:52"
49,1,50.26493000000001,10.952409166666666,"2026-01-10 01:07:50"
48,1,50.26492533333333,10.952432666666668,"2026-01-10 01:07:48"
47,1,50.26492366666666,10.952431999999998,"2026-01-10 01:07:47"
46,1,50.264921,10.952430666666665,"2026-01-10 01:07:45"
45,1,50.264918,10.952434333333334,"2026-01-10 01:07:43"
44,1,50.26491716666666,10.9524335,"2026-01-10 01:07:42"
43,1,50.26491716666666,10.952431666666666,"2026-01-10 01:07:41"
42,1,50.2649165,10.952430666666665,"2026-01-10 01:07:39"
41,1,50.26491533333333,10.952428833333332,"2026-01-10 01:07:38"
40,1,50.264911500000004,10.952433000000001,"2026-01-10 01:07:36"
39,1,50.264910166666674,10.952431999999998,"2026-01-10 01:07:35"
38,1,50.26489616666666,10.952426333333335,"2026-01-10 01:07:33"
37,1,50.264893666666666,10.952426500000001,"2026-01-10 01:07:31"
36,1,50.264892666666675,10.952421,"2026-01-10 01:07:30"
35,1,50.264890666666666,10.9524135,"2026-01-10 01:07:28"
34,1,50.264891000000006,10.952406499999999,"2026-01-10 01:07:27"
33,1,50.264888166666665,10.952412166666667,"2026-01-10 01:07:25"
32,1,50.2648875,10.952409,"2026-01-10 01:07:24"
31,1,50.264888000000006,10.952420666666667,"2026-01-10 01:07:22"
30,1,50.26488366666668,10.9524255,"2026-01-10 01:07:20"
29,1,50.26488566666667,10.952423,"2026-01-10 01:07:19"
28,1,50.26488533333333,10.952424833333335,"2026-01-10 01:07:18"
27,1,50.26488500000001,10.952430833333334,"2026-01-10 01:07:16"
26,1,50.264893,10.952426166666665,"2026-01-10 01:07:13"
25,1,50.264900999999995,10.952411666666668,"2026-01-10 01:07:11"
24,1,50.26490066666667,10.952422333333335,"2026-01-10 01:07:09"
23,1,50.264902666666664,10.952424333333333,"2026-01-10 01:07:07"
22,1,50.264905500000005,10.952435333333336,"2026-01-10 01:07:05"
21,1,50.264903999999994,10.952472333333333,"2026-01-10 01:07:03"
20,1,50.26490583333332,10.952487333333332,"2026-01-10 01:07:01"
19,1,50.26490449999999,10.952510833333333,"2026-01-10 01:07:00"
18,1,50.264902666666664,10.952541333333333,"2026-01-10 01:06:58"
17,1,50.26490216666666,10.952563000000001,"2026-01-10 01:06:57"
16,1,50.26490916666667,10.952563000000001,"2026-01-10 01:06:55"
15,1,50.2649205,10.952554166666667,"2026-01-10 01:06:53"
14,1,50.26492533333333,10.952562499999999,"2026-01-10 01:06:51"
13,1,50.26492666666666,10.952581166666668,"2026-01-10 01:06:49"
12,1,50.26492633333334,10.952589666666665,"2026-01-10 01:06:48"
11,1,50.26492633333334,10.952602833333334,"2026-01-10 01:06:47"
10,1,50.26492683333333,10.952619499999999,"2026-01-10 01:06:45"
9,1,50.26493133333334,10.9526235,"2026-01-10 01:06:43"
8,1,50.26493266666667,10.952632833333332,"2026-01-10 01:06:41"
7,1,50.26493366666667,10.952645666666667,"2026-01-10 01:06:39"
6,1,50.26493533333334,10.952655666666665,"2026-01-10 01:06:37"
5,1,50.264939166666665,10.952653000000002,"2026-01-10 01:06:36"
4,1,50.264940833333334,10.952653833333333,"2026-01-10 01:06:35"
3,1,50.264944666666665,10.952653166666668,"2026-01-10 01:06:33"
2,1,50.26494283333333,10.952660833333335,"2026-01-10 01:06:31"
1,1,50.264941666666665,10.952668000000001,"2026-01-10 01:06:29"
